Source.Name,Name,Domain,Indicator,Year,GeogID,Race_Ethnicity,Gender,Age_Group,Month,Measure,Value,ts,measureName,indicatorName,contentAreaName,Race_Ethnicitylabel,Genderlabel
bladder_male.xlsx,ARIZONA,CR,18,2015-2019,ALL,ALL,m,ALL,ALL,221,30.4,2023-10-04T09:15:11.880,"Age-adjusted incidence rate of Bladder Cancer (including in situ) per 100,000 population over a five year period",Incidence of Bladder Cancer,Cancer,Any Race Ethnicity,Male
bladder_male.xlsx,YUMA,CR,18,2015-2019,4027,ALL,m,ALL,ALL,221,24.4,2023-10-04T09:15:11.880,"Age-adjusted incidence rate of Bladder Cancer (including in situ) per 100,000 population over a five year period",Incidence of Bladder Cancer,Cancer,Any Race Ethnicity,Male
bladder_male.xlsx,YAVAPAI,CR,18,2015-2019,4025,ALL,m,ALL,ALL,221,38.4,2023-10-04T09:15:11.880,"Age-adjusted incidence rate of Bladder Cancer (including in situ) per 100,000 population over a five year period",Incidence of Bladder Cancer,Cancer,Any Race Ethnicity,Male
bladder_male.xlsx,SANTA CRUZ,CR,18,2015-2019,4023,ALL,m,ALL,ALL,221,24.9,2023-10-04T09:15:11.880,"Age-adjusted incidence rate of Bladder Cancer (including in situ) per 100,000 population over a five year period",Incidence of Bladder Cancer,Cancer,Any Race Ethnicity,Male
bladder_male.xlsx,PINAL,CR,18,2015-2019,4021,ALL,m,ALL,ALL,221,30.4,2023-10-04T09:15:11.880,"Age-adjusted incidence rate of Bladder Cancer (including in situ) per 100,000 population over a five year period",Incidence of Bladder Cancer,Cancer,Any Race Ethnicity,Male
bladder_male.xlsx,PIMA,CR,18,2015-2019,4019,ALL,m,ALL,ALL,221,31.2,2023-10-04T09:15:11.880,"Age-adjusted incidence rate of Bladder Cancer (including in situ) per 100,000 population over a five year period",Incidence of Bladder Cancer,Cancer,Any Race Ethnicity,Male
bladder_male.xlsx,NAVAJO,CR,18,2015-2019,4017,ALL,m,ALL,ALL,221,25.3,2023-10-04T09:15:11.880,"Age-adjusted incidence rate of Bladder Cancer (including in situ) per 100,000 population over a five year period",Incidence of Bladder Cancer,Cancer,Any Race Ethnicity,Male
bladder_male.xlsx,MOHAVE,CR,18,2015-2019,4015,ALL,m,ALL,ALL,221,34.4,2023-10-04T09:15:11.880,"Age-adjusted incidence rate of Bladder Cancer (including in situ) per 100,000 population over a five year period",Incidence of Bladder Cancer,Cancer,Any Race Ethnicity,Male
bladder_male.xlsx,MARICOPA,CR,18,2015-2019,4013,ALL,m,ALL,ALL,221,30.6,2023-10-04T09:15:11.880,"Age-adjusted incidence rate of Bladder Cancer (including in situ) per 100,000 population over a five year period",Incidence of Bladder Cancer,Cancer,Any Race Ethnicity,Male
bladder_male.xlsx,LA PAZ,CR,18,2015-2019,4012,ALL,m,ALL,ALL,221,26.2,2023-10-04T09:15:11.880,"Age-adjusted incidence rate of Bladder Cancer (including in situ) per 100,000 population over a five year period",Incidence of Bladder Cancer,Cancer,Any Race Ethnicity,Male
bladder_male.xlsx,GRAHAM,CR,18,2015-2019,4009,ALL,m,ALL,ALL,221,24.5,2023-10-04T09:15:11.880,"Age-adjusted incidence rate of Bladder Cancer (including in situ) per 100,000 population over a five year period",Incidence of Bladder Cancer,Cancer,Any Race Ethnicity,Male
bladder_male.xlsx,GILA,CR,18,2015-2019,4007,ALL,m,ALL,ALL,221,23.3,2023-10-04T09:15:11.880,"Age-adjusted incidence rate of Bladder Cancer (including in situ) per 100,000 population over a five year period",Incidence of Bladder Cancer,Cancer,Any Race Ethnicity,Male
bladder_male.xlsx,COCONINO,CR,18,2015-2019,4005,ALL,m,ALL,ALL,221,19.5,2023-10-04T09:15:11.880,"Age-adjusted incidence rate of Bladder Cancer (including in situ) per 100,000 population over a five year period",Incidence of Bladder Cancer,Cancer,Any Race Ethnicity,Male
bladder_male.xlsx,COCHISE,CR,18,2015-2019,4003,ALL,m,ALL,ALL,221,29,2023-10-04T09:15:11.880,"Age-adjusted incidence rate of Bladder Cancer (including in situ) per 100,000 population over a five year period",Incidence of Bladder Cancer,Cancer,Any Race Ethnicity,Male
bladder_male.xlsx,APACHE,CR,18,2015-2019,4001,ALL,m,ALL,ALL,221,12.5,2023-10-04T09:15:11.880,"Age-adjusted incidence rate of Bladder Cancer (including in situ) per 100,000 population over a five year period",Incidence of Bladder Cancer,Cancer,Any Race Ethnicity,Male
esophageal_male.xlsx,COCHISE,CR,92,2015-2019,4003,ALL,m,ALL,ALL,488,7.85,2023-10-04T09:15:11.880,"Age-adjusted incidence rate of Esophageal Cancer per 100,000 population over a five year period",Incidence of Esophageal Cancer,Cancer,Any Race Ethnicity,Male
esophageal_male.xlsx,COCONINO,CR,92,2015-2019,4005,ALL,m,ALL,ALL,488,5.51,2023-10-04T09:15:11.880,"Age-adjusted incidence rate of Esophageal Cancer per 100,000 population over a five year period",Incidence of Esophageal Cancer,Cancer,Any Race Ethnicity,Male
esophageal_male.xlsx,MARICOPA,CR,92,2015-2019,4013,ALL,m,ALL,ALL,488,6.97,2023-10-04T09:15:11.880,"Age-adjusted incidence rate of Esophageal Cancer per 100,000 population over a five year period",Incidence of Esophageal Cancer,Cancer,Any Race Ethnicity,Male
esophageal_male.xlsx,MOHAVE,CR,92,2015-2019,4015,ALL,m,ALL,ALL,488,9.16,2023-10-04T09:15:11.880,"Age-adjusted incidence rate of Esophageal Cancer per 100,000 population over a five year period",Incidence of Esophageal Cancer,Cancer,Any Race Ethnicity,Male
esophageal_male.xlsx,NAVAJO,CR,92,2015-2019,4017,ALL,m,ALL,ALL,488,6.79,2023-10-04T09:15:11.880,"Age-adjusted incidence rate of Esophageal Cancer per 100,000 population over a five year period",Incidence of Esophageal Cancer,Cancer,Any Race Ethnicity,Male
esophageal_male.xlsx,PIMA,CR,92,2015-2019,4019,ALL,m,ALL,ALL,488,6.63,2023-10-04T09:15:11.880,"Age-adjusted incidence rate of Esophageal Cancer per 100,000 population over a five year period",Incidence of Esophageal Cancer,Cancer,Any Race Ethnicity,Male
esophageal_male.xlsx,PINAL,CR,92,2015-2019,4021,ALL,m,ALL,ALL,488,6.4,2023-10-04T09:15:11.880,"Age-adjusted incidence rate of Esophageal Cancer per 100,000 population over a five year period",Incidence of Esophageal Cancer,Cancer,Any Race Ethnicity,Male
esophageal_male.xlsx,YAVAPAI,CR,92,2015-2019,4025,ALL,m,ALL,ALL,488,7.57,2023-10-04T09:15:11.880,"Age-adjusted incidence rate of Esophageal Cancer per 100,000 population over a five year period",Incidence of Esophageal Cancer,Cancer,Any Race Ethnicity,Male
esophageal_male.xlsx,YUMA,CR,92,2015-2019,4027,ALL,m,ALL,ALL,488,6.35,2023-10-04T09:15:11.880,"Age-adjusted incidence rate of Esophageal Cancer per 100,000 population over a five year period",Incidence of Esophageal Cancer,Cancer,Any Race Ethnicity,Male
esophageal_male.xlsx,ARIZONA,CR,92,2015-2019,ALL,ALL,m,ALL,ALL,488,6.97,2023-10-04T09:15:11.880,"Age-adjusted incidence rate of Esophageal Cancer per 100,000 population over a five year period",Incidence of Esophageal Cancer,Cancer,Any Race Ethnicity,Male
kidney_male.xlsx,APACHE,CR,73,2015-2019,4001,ALL,m,ALL,ALL,391,32.35,2023-10-04T09:15:11.880,"Age-adjusted incidence rate of Kidney and Renal Pelvis Cancer per 100,000 population over a five year period",Incidence of Kidney Cancer,Cancer,Any Race Ethnicity,Male
kidney_male.xlsx,COCHISE,CR,73,2015-2019,4003,ALL,m,ALL,ALL,391,21.57,2023-10-04T09:15:11.880,"Age-adjusted incidence rate of Kidney and Renal Pelvis Cancer per 100,000 population over a five year period",Incidence of Kidney Cancer,Cancer,Any Race Ethnicity,Male
kidney_male.xlsx,COCONINO,CR,73,2015-2019,4005,ALL,m,ALL,ALL,391,24.97,2023-10-04T09:15:11.880,"Age-adjusted incidence rate of Kidney and Renal Pelvis Cancer per 100,000 population over a five year period",Incidence of Kidney Cancer,Cancer,Any Race Ethnicity,Male
kidney_male.xlsx,GILA,CR,73,2015-2019,4007,ALL,m,ALL,ALL,391,24.67,2023-10-04T09:15:11.880,"Age-adjusted incidence rate of Kidney and Renal Pelvis Cancer per 100,000 population over a five year period",Incidence of Kidney Cancer,Cancer,Any Race Ethnicity,Male
kidney_male.xlsx,MARICOPA,CR,73,2015-2019,4013,ALL,m,ALL,ALL,391,21.81,2023-10-04T09:15:11.880,"Age-adjusted incidence rate of Kidney and Renal Pelvis Cancer per 100,000 population over a five year period",Incidence of Kidney Cancer,Cancer,Any Race Ethnicity,Male
kidney_male.xlsx,MOHAVE,CR,73,2015-2019,4015,ALL,m,ALL,ALL,391,19.85,2023-10-04T09:15:11.880,"Age-adjusted incidence rate of Kidney and Renal Pelvis Cancer per 100,000 population over a five year period",Incidence of Kidney Cancer,Cancer,Any Race Ethnicity,Male
kidney_male.xlsx,NAVAJO,CR,73,2015-2019,4017,ALL,m,ALL,ALL,391,24.17,2023-10-04T09:15:11.880,"Age-adjusted incidence rate of Kidney and Renal Pelvis Cancer per 100,000 population over a five year period",Incidence of Kidney Cancer,Cancer,Any Race Ethnicity,Male
kidney_male.xlsx,PIMA,CR,73,2015-2019,4019,ALL,m,ALL,ALL,391,23.03,2023-10-04T09:15:11.880,"Age-adjusted incidence rate of Kidney and Renal Pelvis Cancer per 100,000 population over a five year period",Incidence of Kidney Cancer,Cancer,Any Race Ethnicity,Male
kidney_male.xlsx,PINAL,CR,73,2015-2019,4021,ALL,m,ALL,ALL,391,20.22,2023-10-04T09:15:11.880,"Age-adjusted incidence rate of Kidney and Renal Pelvis Cancer per 100,000 population over a five year period",Incidence of Kidney Cancer,Cancer,Any Race Ethnicity,Male
kidney_male.xlsx,SANTA CRUZ,CR,73,2015-2019,4023,ALL,m,ALL,ALL,391,25.14,2023-10-04T09:15:11.880,"Age-adjusted incidence rate of Kidney and Renal Pelvis Cancer per 100,000 population over a five year period",Incidence of Kidney Cancer,Cancer,Any Race Ethnicity,Male
kidney_male.xlsx,YAVAPAI,CR,73,2015-2019,4025,ALL,m,ALL,ALL,391,20,2023-10-04T09:15:11.880,"Age-adjusted incidence rate of Kidney and Renal Pelvis Cancer per 100,000 population over a five year period",Incidence of Kidney Cancer,Cancer,Any Race Ethnicity,Male
kidney_male.xlsx,YUMA,CR,73,2015-2019,4027,ALL,m,ALL,ALL,391,25.5,2023-10-04T09:15:11.880,"Age-adjusted incidence rate of Kidney and Renal Pelvis Cancer per 100,000 population over a five year period",Incidence of Kidney Cancer,Cancer,Any Race Ethnicity,Male
kidney_male.xlsx,ARIZONA,CR,73,2015-2019,ALL,ALL,m,ALL,ALL,391,21.93,2023-10-04T09:15:11.880,"Age-adjusted incidence rate of Kidney and Renal Pelvis Cancer per 100,000 population over a five year period",Incidence of Kidney Cancer,Cancer,Any Race Ethnicity,Male
larynx_male.xlsx,COCHISE,CR,94,2015-2019,4003,ALL,m,ALL,ALL,496,4.21,2023-10-04T09:15:11.880,"Age-adjusted incidence rate of Larynx Cancer per 100,000 population over a five year period",Incidence of Larynx Cancer,Cancer,Any Race Ethnicity,Male
larynx_male.xlsx,MARICOPA,CR,94,2015-2019,4013,ALL,m,ALL,ALL,496,3.02,2023-10-04T09:15:11.880,"Age-adjusted incidence rate of Larynx Cancer per 100,000 population over a five year period",Incidence of Larynx Cancer,Cancer,Any Race Ethnicity,Male
larynx_male.xlsx,MOHAVE,CR,94,2015-2019,4015,ALL,m,ALL,ALL,496,6.69,2023-10-04T09:15:11.880,"Age-adjusted incidence rate of Larynx Cancer per 100,000 population over a five year period",Incidence of Larynx Cancer,Cancer,Any Race Ethnicity,Male
larynx_male.xlsx,PIMA,CR,94,2015-2019,4019,ALL,m,ALL,ALL,496,3.26,2023-10-04T09:15:11.880,"Age-adjusted incidence rate of Larynx Cancer per 100,000 population over a five year period",Incidence of Larynx Cancer,Cancer,Any Race Ethnicity,Male
larynx_male.xlsx,PINAL,CR,94,2015-2019,4021,ALL,m,ALL,ALL,496,3.21,2023-10-04T09:15:11.880,"Age-adjusted incidence rate of Larynx Cancer per 100,000 population over a five year period",Incidence of Larynx Cancer,Cancer,Any Race Ethnicity,Male
larynx_male.xlsx,YAVAPAI,CR,94,2015-2019,4025,ALL,m,ALL,ALL,496,4.6,2023-10-04T09:15:11.880,"Age-adjusted incidence rate of Larynx Cancer per 100,000 population over a five year period",Incidence of Larynx Cancer,Cancer,Any Race Ethnicity,Male
larynx_male.xlsx,YUMA,CR,94,2015-2019,4027,ALL,m,ALL,ALL,496,4.55,2023-10-04T09:15:11.880,"Age-adjusted incidence rate of Larynx Cancer per 100,000 population over a five year period",Incidence of Larynx Cancer,Cancer,Any Race Ethnicity,Male
larynx_male.xlsx,ARIZONA,CR,94,2015-2019,ALL,ALL,m,ALL,ALL,496,3.3,2023-10-04T09:15:11.880,"Age-adjusted incidence rate of Larynx Cancer per 100,000 population over a five year period",Incidence of Larynx Cancer,Cancer,Any Race Ethnicity,Male
leukemia_male.xlsx,COCHISE,CR,20,2015-2019,4003,ALL,m,ALL,ALL,223,12.3,2023-10-04T09:15:11.880,"Age-adjusted incidence rate of Leukemia per 100,000 population over a five year period",Incidence of Leukemia,Cancer,Any Race Ethnicity,Male
leukemia_male.xlsx,COCONINO,CR,20,2015-2019,4005,ALL,m,ALL,ALL,223,14.9,2023-10-04T09:15:11.880,"Age-adjusted incidence rate of Leukemia per 100,000 population over a five year period",Incidence of Leukemia,Cancer,Any Race Ethnicity,Male
leukemia_male.xlsx,GILA,CR,20,2015-2019,4007,ALL,m,ALL,ALL,223,10.3,2023-10-04T09:15:11.880,"Age-adjusted incidence rate of Leukemia per 100,000 population over a five year period",Incidence of Leukemia,Cancer,Any Race Ethnicity,Male
leukemia_male.xlsx,MARICOPA,CR,20,2015-2019,4013,ALL,m,ALL,ALL,223,13.8,2023-10-04T09:15:11.880,"Age-adjusted incidence rate of Leukemia per 100,000 population over a five year period",Incidence of Leukemia,Cancer,Any Race Ethnicity,Male
leukemia_male.xlsx,MOHAVE,CR,20,2015-2019,4015,ALL,m,ALL,ALL,223,12.8,2023-10-04T09:15:11.880,"Age-adjusted incidence rate of Leukemia per 100,000 population over a five year period",Incidence of Leukemia,Cancer,Any Race Ethnicity,Male
leukemia_male.xlsx,NAVAJO,CR,20,2015-2019,4017,ALL,m,ALL,ALL,223,14.1,2023-10-04T09:15:11.880,"Age-adjusted incidence rate of Leukemia per 100,000 population over a five year period",Incidence of Leukemia,Cancer,Any Race Ethnicity,Male
leukemia_male.xlsx,PIMA,CR,20,2015-2019,4019,ALL,m,ALL,ALL,223,13.3,2023-10-04T09:15:11.880,"Age-adjusted incidence rate of Leukemia per 100,000 population over a five year period",Incidence of Leukemia,Cancer,Any Race Ethnicity,Male
leukemia_male.xlsx,PINAL,CR,20,2015-2019,4021,ALL,m,ALL,ALL,223,10.6,2023-10-04T09:15:11.880,"Age-adjusted incidence rate of Leukemia per 100,000 population over a five year period",Incidence of Leukemia,Cancer,Any Race Ethnicity,Male
leukemia_male.xlsx,YAVAPAI,CR,20,2015-2019,4025,ALL,m,ALL,ALL,223,9.3,2023-10-04T09:15:11.880,"Age-adjusted incidence rate of Leukemia per 100,000 population over a five year period",Incidence of Leukemia,Cancer,Any Race Ethnicity,Male
leukemia_male.xlsx,YUMA,CR,20,2015-2019,4027,ALL,m,ALL,ALL,223,17.2,2023-10-04T09:15:11.880,"Age-adjusted incidence rate of Leukemia per 100,000 population over a five year period",Incidence of Leukemia,Cancer,Any Race Ethnicity,Male
leukemia_male.xlsx,ARIZONA,CR,20,2015-2019,ALL,ALL,m,ALL,ALL,223,13.3,2023-10-04T09:15:11.880,"Age-adjusted incidence rate of Leukemia per 100,000 population over a five year period",Incidence of Leukemia,Cancer,Any Race Ethnicity,Male
liver_male.xlsx,APACHE,CR,74,2015-2019,4001,ALL,m,ALL,ALL,395,10.95,2023-10-04T09:15:11.880,"Age-adjusted incidence rate of Liver and Intrahepatic Bile Duct Cancer per 100,000 population over a five year period",Incidence of Liver Cancer,Cancer,Any Race Ethnicity,Male
liver_male.xlsx,COCHISE,CR,74,2015-2019,4003,ALL,m,ALL,ALL,395,14.76,2023-10-04T09:15:11.880,"Age-adjusted incidence rate of Liver and Intrahepatic Bile Duct Cancer per 100,000 population over a five year period",Incidence of Liver Cancer,Cancer,Any Race Ethnicity,Male
liver_male.xlsx,COCONINO,CR,74,2015-2019,4005,ALL,m,ALL,ALL,395,14.96,2023-10-04T09:15:11.880,"Age-adjusted incidence rate of Liver and Intrahepatic Bile Duct Cancer per 100,000 population over a five year period",Incidence of Liver Cancer,Cancer,Any Race Ethnicity,Male
liver_male.xlsx,GILA,CR,74,2015-2019,4007,ALL,m,ALL,ALL,395,11.62,2023-10-04T09:15:11.880,"Age-adjusted incidence rate of Liver and Intrahepatic Bile Duct Cancer per 100,000 population over a five year period",Incidence of Liver Cancer,Cancer,Any Race Ethnicity,Male
liver_male.xlsx,MARICOPA,CR,74,2015-2019,4013,ALL,m,ALL,ALL,395,10.72,2023-10-04T09:15:11.880,"Age-adjusted incidence rate of Liver and Intrahepatic Bile Duct Cancer per 100,000 population over a five year period",Incidence of Liver Cancer,Cancer,Any Race Ethnicity,Male
liver_male.xlsx,MOHAVE,CR,74,2015-2019,4015,ALL,m,ALL,ALL,395,13.15,2023-10-04T09:15:11.880,"Age-adjusted incidence rate of Liver and Intrahepatic Bile Duct Cancer per 100,000 population over a five year period",Incidence of Liver Cancer,Cancer,Any Race Ethnicity,Male
liver_male.xlsx,NAVAJO,CR,74,2015-2019,4017,ALL,m,ALL,ALL,395,15.07,2023-10-04T09:15:11.880,"Age-adjusted incidence rate of Liver and Intrahepatic Bile Duct Cancer per 100,000 population over a five year period",Incidence of Liver Cancer,Cancer,Any Race Ethnicity,Male
liver_male.xlsx,PIMA,CR,74,2015-2019,4019,ALL,m,ALL,ALL,395,15.03,2023-10-04T09:15:11.880,"Age-adjusted incidence rate of Liver and Intrahepatic Bile Duct Cancer per 100,000 population over a five year period",Incidence of Liver Cancer,Cancer,Any Race Ethnicity,Male
liver_male.xlsx,PINAL,CR,74,2015-2019,4021,ALL,m,ALL,ALL,395,11.2,2023-10-04T09:15:11.880,"Age-adjusted incidence rate of Liver and Intrahepatic Bile Duct Cancer per 100,000 population over a five year period",Incidence of Liver Cancer,Cancer,Any Race Ethnicity,Male
liver_male.xlsx,SANTA CRUZ,CR,74,2015-2019,4023,ALL,m,ALL,ALL,395,17.56,2023-10-04T09:15:11.880,"Age-adjusted incidence rate of Liver and Intrahepatic Bile Duct Cancer per 100,000 population over a five year period",Incidence of Liver Cancer,Cancer,Any Race Ethnicity,Male
liver_male.xlsx,YAVAPAI,CR,74,2015-2019,4025,ALL,m,ALL,ALL,395,10.26,2023-10-04T09:15:11.880,"Age-adjusted incidence rate of Liver and Intrahepatic Bile Duct Cancer per 100,000 population over a five year period",Incidence of Liver Cancer,Cancer,Any Race Ethnicity,Male
liver_male.xlsx,YUMA,CR,74,2015-2019,4027,ALL,m,ALL,ALL,395,18.65,2023-10-04T09:15:11.880,"Age-adjusted incidence rate of Liver and Intrahepatic Bile Duct Cancer per 100,000 population over a five year period",Incidence of Liver Cancer,Cancer,Any Race Ethnicity,Male
liver_male.xlsx,ARIZONA,CR,74,2015-2019,ALL,ALL,m,ALL,ALL,395,11.97,2023-10-04T09:15:11.880,"Age-adjusted incidence rate of Liver and Intrahepatic Bile Duct Cancer per 100,000 population over a five year period",Incidence of Liver Cancer,Cancer,Any Race Ethnicity,Male
lung_bronchus_male.xlsx,APACHE,CR,23,2015-2019,4001,ALL,m,ALL,ALL,224,23.2,2023-10-04T09:15:11.880,"Age-adjusted incidence rate of Lung and Bronchus Cancer per 100,000 population over a five year period",Incidence of Lung and Bronchus Cancers,Cancer,Any Race Ethnicity,Male
lung_bronchus_male.xlsx,COCHISE,CR,23,2015-2019,4003,ALL,m,ALL,ALL,224,56.9,2023-10-04T09:15:11.880,"Age-adjusted incidence rate of Lung and Bronchus Cancer per 100,000 population over a five year period",Incidence of Lung and Bronchus Cancers,Cancer,Any Race Ethnicity,Male
lung_bronchus_male.xlsx,COCONINO,CR,23,2015-2019,4005,ALL,m,ALL,ALL,224,31.9,2023-10-04T09:15:11.880,"Age-adjusted incidence rate of Lung and Bronchus Cancer per 100,000 population over a five year period",Incidence of Lung and Bronchus Cancers,Cancer,Any Race Ethnicity,Male
lung_bronchus_male.xlsx,GILA,CR,23,2015-2019,4007,ALL,m,ALL,ALL,224,39.1,2023-10-04T09:15:11.880,"Age-adjusted incidence rate of Lung and Bronchus Cancer per 100,000 population over a five year period",Incidence of Lung and Bronchus Cancers,Cancer,Any Race Ethnicity,Male
lung_bronchus_male.xlsx,GRAHAM,CR,23,2015-2019,4009,ALL,m,ALL,ALL,224,47.6,2023-10-04T09:15:11.880,"Age-adjusted incidence rate of Lung and Bronchus Cancer per 100,000 population over a five year period",Incidence of Lung and Bronchus Cancers,Cancer,Any Race Ethnicity,Male
lung_bronchus_male.xlsx,LA PAZ,CR,23,2015-2019,4012,ALL,m,ALL,ALL,224,55,2023-10-04T09:15:11.880,"Age-adjusted incidence rate of Lung and Bronchus Cancer per 100,000 population over a five year period",Incidence of Lung and Bronchus Cancers,Cancer,Any Race Ethnicity,Male
lung_bronchus_male.xlsx,MARICOPA,CR,23,2015-2019,4013,ALL,m,ALL,ALL,224,45.9,2023-10-04T09:15:11.880,"Age-adjusted incidence rate of Lung and Bronchus Cancer per 100,000 population over a five year period",Incidence of Lung and Bronchus Cancers,Cancer,Any Race Ethnicity,Male
lung_bronchus_male.xlsx,MOHAVE,CR,23,2015-2019,4015,ALL,m,ALL,ALL,224,71.7,2023-10-04T09:15:11.880,"Age-adjusted incidence rate of Lung and Bronchus Cancer per 100,000 population over a five year period",Incidence of Lung and Bronchus Cancers,Cancer,Any Race Ethnicity,Male
lung_bronchus_male.xlsx,NAVAJO,CR,23,2015-2019,4017,ALL,m,ALL,ALL,224,34.2,2023-10-04T09:15:11.880,"Age-adjusted incidence rate of Lung and Bronchus Cancer per 100,000 population over a five year period",Incidence of Lung and Bronchus Cancers,Cancer,Any Race Ethnicity,Male
lung_bronchus_male.xlsx,PIMA,CR,23,2015-2019,4019,ALL,m,ALL,ALL,224,49.4,2023-10-04T09:15:11.880,"Age-adjusted incidence rate of Lung and Bronchus Cancer per 100,000 population over a five year period",Incidence of Lung and Bronchus Cancers,Cancer,Any Race Ethnicity,Male
lung_bronchus_male.xlsx,PINAL,CR,23,2015-2019,4021,ALL,m,ALL,ALL,224,46.7,2023-10-04T09:15:11.880,"Age-adjusted incidence rate of Lung and Bronchus Cancer per 100,000 population over a five year period",Incidence of Lung and Bronchus Cancers,Cancer,Any Race Ethnicity,Male
lung_bronchus_male.xlsx,SANTA CRUZ,CR,23,2015-2019,4023,ALL,m,ALL,ALL,224,34.4,2023-10-04T09:15:11.880,"Age-adjusted incidence rate of Lung and Bronchus Cancer per 100,000 population over a five year period",Incidence of Lung and Bronchus Cancers,Cancer,Any Race Ethnicity,Male
lung_bronchus_male.xlsx,YAVAPAI,CR,23,2015-2019,4025,ALL,m,ALL,ALL,224,48.5,2023-10-04T09:15:11.880,"Age-adjusted incidence rate of Lung and Bronchus Cancer per 100,000 population over a five year period",Incidence of Lung and Bronchus Cancers,Cancer,Any Race Ethnicity,Male
lung_bronchus_male.xlsx,YUMA,CR,23,2015-2019,4027,ALL,m,ALL,ALL,224,48,2023-10-04T09:15:11.880,"Age-adjusted incidence rate of Lung and Bronchus Cancer per 100,000 population over a five year period",Incidence of Lung and Bronchus Cancers,Cancer,Any Race Ethnicity,Male
lung_bronchus_male.xlsx,ARIZONA,CR,23,2015-2019,ALL,ALL,m,ALL,ALL,224,47.3,2023-10-04T09:15:11.880,"Age-adjusted incidence rate of Lung and Bronchus Cancer per 100,000 population over a five year period",Incidence of Lung and Bronchus Cancers,Cancer,Any Race Ethnicity,Male
melanoma_male.xlsx,APACHE,CR,72,2015-2019,4001,ALL,m,ALL,ALL,387,13.13,2023-10-04T09:15:11.880,"Age-adjusted incidence rate of Melanoma of the Skin per 100,000 population over a five year period",Incidence of Melanoma,Cancer,Any Race Ethnicity,Male
melanoma_male.xlsx,COCHISE,CR,72,2015-2019,4003,ALL,m,ALL,ALL,387,41.9,2023-10-04T09:15:11.880,"Age-adjusted incidence rate of Melanoma of the Skin per 100,000 population over a five year period",Incidence of Melanoma,Cancer,Any Race Ethnicity,Male
melanoma_male.xlsx,COCONINO,CR,72,2015-2019,4005,ALL,m,ALL,ALL,387,32.31,2023-10-04T09:15:11.880,"Age-adjusted incidence rate of Melanoma of the Skin per 100,000 population over a five year period",Incidence of Melanoma,Cancer,Any Race Ethnicity,Male
melanoma_male.xlsx,GILA,CR,72,2015-2019,4007,ALL,m,ALL,ALL,387,23.78,2023-10-04T09:15:11.880,"Age-adjusted incidence rate of Melanoma of the Skin per 100,000 population over a five year period",Incidence of Melanoma,Cancer,Any Race Ethnicity,Male
melanoma_male.xlsx,GRAHAM,CR,72,2015-2019,4009,ALL,m,ALL,ALL,387,27.8,2023-10-04T09:15:11.880,"Age-adjusted incidence rate of Melanoma of the Skin per 100,000 population over a five year period",Incidence of Melanoma,Cancer,Any Race Ethnicity,Male
melanoma_male.xlsx,LA PAZ,CR,72,2015-2019,4012,ALL,m,ALL,ALL,387,24.91,2023-10-04T09:15:11.880,"Age-adjusted incidence rate of Melanoma of the Skin per 100,000 population over a five year period",Incidence of Melanoma,Cancer,Any Race Ethnicity,Male
melanoma_male.xlsx,MARICOPA,CR,72,2015-2019,4013,ALL,m,ALL,ALL,387,39.84,2023-10-04T09:15:11.880,"Age-adjusted incidence rate of Melanoma of the Skin per 100,000 population over a five year period",Incidence of Melanoma,Cancer,Any Race Ethnicity,Male
melanoma_male.xlsx,MOHAVE,CR,72,2015-2019,4015,ALL,m,ALL,ALL,387,22.44,2023-10-04T09:15:11.880,"Age-adjusted incidence rate of Melanoma of the Skin per 100,000 population over a five year period",Incidence of Melanoma,Cancer,Any Race Ethnicity,Male
melanoma_male.xlsx,NAVAJO,CR,72,2015-2019,4017,ALL,m,ALL,ALL,387,20.12,2023-10-04T09:15:11.880,"Age-adjusted incidence rate of Melanoma of the Skin per 100,000 population over a five year period",Incidence of Melanoma,Cancer,Any Race Ethnicity,Male
melanoma_male.xlsx,PIMA,CR,72,2015-2019,4019,ALL,m,ALL,ALL,387,43.83,2023-10-04T09:15:11.880,"Age-adjusted incidence rate of Melanoma of the Skin per 100,000 population over a five year period",Incidence of Melanoma,Cancer,Any Race Ethnicity,Male
melanoma_male.xlsx,PINAL,CR,72,2015-2019,4021,ALL,m,ALL,ALL,387,28.93,2023-10-04T09:15:11.880,"Age-adjusted incidence rate of Melanoma of the Skin per 100,000 population over a five year period",Incidence of Melanoma,Cancer,Any Race Ethnicity,Male
melanoma_male.xlsx,SANTA CRUZ,CR,72,2015-2019,4023,ALL,m,ALL,ALL,387,17.71,2023-10-04T09:15:11.880,"Age-adjusted incidence rate of Melanoma of the Skin per 100,000 population over a five year period",Incidence of Melanoma,Cancer,Any Race Ethnicity,Male
melanoma_male.xlsx,YAVAPAI,CR,72,2015-2019,4025,ALL,m,ALL,ALL,387,46.04,2023-10-04T09:15:11.880,"Age-adjusted incidence rate of Melanoma of the Skin per 100,000 population over a five year period",Incidence of Melanoma,Cancer,Any Race Ethnicity,Male
melanoma_male.xlsx,YUMA,CR,72,2015-2019,4027,ALL,m,ALL,ALL,387,10.91,2023-10-04T09:15:11.880,"Age-adjusted incidence rate of Melanoma of the Skin per 100,000 population over a five year period",Incidence of Melanoma,Cancer,Any Race Ethnicity,Male
melanoma_male.xlsx,ARIZONA,CR,72,2015-2019,ALL,ALL,m,ALL,ALL,387,37.16,2023-10-04T09:15:11.880,"Age-adjusted incidence rate of Melanoma of the Skin per 100,000 population over a five year period",Incidence of Melanoma,Cancer,Any Race Ethnicity,Male
NervousSystem_male.xlsx,COCHISE,CR,47,2015-2019,4003,ALL,m,ALL,ALL,222,6.1,2023-10-04T09:15:11.880,"Age-adjusted incidence rate of Brain and Other Nervous System Cancer per 100,000 population over a five year period",Incidence of Brain and Other Nervous System Cancer,Cancer,Any Race Ethnicity,Male
NervousSystem_male.xlsx,COCONINO,CR,47,2015-2019,4005,ALL,m,ALL,ALL,222,7.8,2023-10-04T09:15:11.880,"Age-adjusted incidence rate of Brain and Other Nervous System Cancer per 100,000 population over a five year period",Incidence of Brain and Other Nervous System Cancer,Cancer,Any Race Ethnicity,Male
NervousSystem_male.xlsx,MARICOPA,CR,47,2015-2019,4013,ALL,m,ALL,ALL,222,6.9,2023-10-04T09:15:11.880,"Age-adjusted incidence rate of Brain and Other Nervous System Cancer per 100,000 population over a five year period",Incidence of Brain and Other Nervous System Cancer,Cancer,Any Race Ethnicity,Male
NervousSystem_male.xlsx,MOHAVE,CR,47,2015-2019,4015,ALL,m,ALL,ALL,222,6.4,2023-10-04T09:15:11.880,"Age-adjusted incidence rate of Brain and Other Nervous System Cancer per 100,000 population over a five year period",Incidence of Brain and Other Nervous System Cancer,Cancer,Any Race Ethnicity,Male
NervousSystem_male.xlsx,NAVAJO,CR,47,2015-2019,4017,ALL,m,ALL,ALL,222,6.7,2023-10-04T09:15:11.880,"Age-adjusted incidence rate of Brain and Other Nervous System Cancer per 100,000 population over a five year period",Incidence of Brain and Other Nervous System Cancer,Cancer,Any Race Ethnicity,Male
NervousSystem_male.xlsx,PIMA,CR,47,2015-2019,4019,ALL,m,ALL,ALL,222,6.9,2023-10-04T09:15:11.880,"Age-adjusted incidence rate of Brain and Other Nervous System Cancer per 100,000 population over a five year period",Incidence of Brain and Other Nervous System Cancer,Cancer,Any Race Ethnicity,Male
NervousSystem_male.xlsx,PINAL,CR,47,2015-2019,4021,ALL,m,ALL,ALL,222,7.5,2023-10-04T09:15:11.880,"Age-adjusted incidence rate of Brain and Other Nervous System Cancer per 100,000 population over a five year period",Incidence of Brain and Other Nervous System Cancer,Cancer,Any Race Ethnicity,Male
NervousSystem_male.xlsx,YAVAPAI,CR,47,2015-2019,4025,ALL,m,ALL,ALL,222,10.3,2023-10-04T09:15:11.880,"Age-adjusted incidence rate of Brain and Other Nervous System Cancer per 100,000 population over a five year period",Incidence of Brain and Other Nervous System Cancer,Cancer,Any Race Ethnicity,Male
NervousSystem_male.xlsx,YUMA,CR,47,2015-2019,4027,ALL,m,ALL,ALL,222,6.8,2023-10-04T09:15:11.880,"Age-adjusted incidence rate of Brain and Other Nervous System Cancer per 100,000 population over a five year period",Incidence of Brain and Other Nervous System Cancer,Cancer,Any Race Ethnicity,Male
NervousSystem_male.xlsx,ARIZONA,CR,47,2015-2019,ALL,ALL,m,ALL,ALL,222,6.9,2023-10-04T09:15:11.880,"Age-adjusted incidence rate of Brain and Other Nervous System Cancer per 100,000 population over a five year period",Incidence of Brain and Other Nervous System Cancer,Cancer,Any Race Ethnicity,Male
non-hodgkin's_lymphoma_male.xlsx,APACHE,CR,24,2015-2019,4001,ALL,m,ALL,ALL,225,13.3,2023-10-04T09:15:11.880,"Age-adjusted incidence rate of Non-Hodgkin's Lymphoma per 100,000 population over a five year period",Incidence of Non-Hodgkin's Lymphoma,Cancer,Any Race Ethnicity,Male
non-hodgkin's_lymphoma_male.xlsx,COCHISE,CR,24,2015-2019,4003,ALL,m,ALL,ALL,225,16.8,2023-10-04T09:15:11.880,"Age-adjusted incidence rate of Non-Hodgkin's Lymphoma per 100,000 population over a five year period",Incidence of Non-Hodgkin's Lymphoma,Cancer,Any Race Ethnicity,Male
non-hodgkin's_lymphoma_male.xlsx,COCONINO,CR,24,2015-2019,4005,ALL,m,ALL,ALL,225,20.1,2023-10-04T09:15:11.880,"Age-adjusted incidence rate of Non-Hodgkin's Lymphoma per 100,000 population over a five year period",Incidence of Non-Hodgkin's Lymphoma,Cancer,Any Race Ethnicity,Male
non-hodgkin's_lymphoma_male.xlsx,GILA,CR,24,2015-2019,4007,ALL,m,ALL,ALL,225,9.1,2023-10-04T09:15:11.880,"Age-adjusted incidence rate of Non-Hodgkin's Lymphoma per 100,000 population over a five year period",Incidence of Non-Hodgkin's Lymphoma,Cancer,Any Race Ethnicity,Male
non-hodgkin's_lymphoma_male.xlsx,MARICOPA,CR,24,2015-2019,4013,ALL,m,ALL,ALL,225,18.9,2023-10-04T09:15:11.880,"Age-adjusted incidence rate of Non-Hodgkin's Lymphoma per 100,000 population over a five year period",Incidence of Non-Hodgkin's Lymphoma,Cancer,Any Race Ethnicity,Male
non-hodgkin's_lymphoma_male.xlsx,MOHAVE,CR,24,2015-2019,4015,ALL,m,ALL,ALL,225,17.2,2023-10-04T09:15:11.880,"Age-adjusted incidence rate of Non-Hodgkin's Lymphoma per 100,000 population over a five year period",Incidence of Non-Hodgkin's Lymphoma,Cancer,Any Race Ethnicity,Male
non-hodgkin's_lymphoma_male.xlsx,NAVAJO,CR,24,2015-2019,4017,ALL,m,ALL,ALL,225,20.3,2023-10-04T09:15:11.880,"Age-adjusted incidence rate of Non-Hodgkin's Lymphoma per 100,000 population over a five year period",Incidence of Non-Hodgkin's Lymphoma,Cancer,Any Race Ethnicity,Male
non-hodgkin's_lymphoma_male.xlsx,PIMA,CR,24,2015-2019,4019,ALL,m,ALL,ALL,225,18.9,2023-10-04T09:15:11.880,"Age-adjusted incidence rate of Non-Hodgkin's Lymphoma per 100,000 population over a five year period",Incidence of Non-Hodgkin's Lymphoma,Cancer,Any Race Ethnicity,Male
non-hodgkin's_lymphoma_male.xlsx,PINAL,CR,24,2015-2019,4021,ALL,m,ALL,ALL,225,16.6,2023-10-04T09:15:11.880,"Age-adjusted incidence rate of Non-Hodgkin's Lymphoma per 100,000 population over a five year period",Incidence of Non-Hodgkin's Lymphoma,Cancer,Any Race Ethnicity,Male
non-hodgkin's_lymphoma_male.xlsx,SANTA CRUZ,CR,24,2015-2019,4023,ALL,m,ALL,ALL,225,17.1,2023-10-04T09:15:11.880,"Age-adjusted incidence rate of Non-Hodgkin's Lymphoma per 100,000 population over a five year period",Incidence of Non-Hodgkin's Lymphoma,Cancer,Any Race Ethnicity,Male
non-hodgkin's_lymphoma_male.xlsx,YAVAPAI,CR,24,2015-2019,4025,ALL,m,ALL,ALL,225,17.4,2023-10-04T09:15:11.880,"Age-adjusted incidence rate of Non-Hodgkin's Lymphoma per 100,000 population over a five year period",Incidence of Non-Hodgkin's Lymphoma,Cancer,Any Race Ethnicity,Male
non-hodgkin's_lymphoma_male.xlsx,YUMA,CR,24,2015-2019,4027,ALL,m,ALL,ALL,225,17.5,2023-10-04T09:15:11.880,"Age-adjusted incidence rate of Non-Hodgkin's Lymphoma per 100,000 population over a five year period",Incidence of Non-Hodgkin's Lymphoma,Cancer,Any Race Ethnicity,Male
non-hodgkin's_lymphoma_male.xlsx,ARIZONA,CR,24,2015-2019,ALL,ALL,m,ALL,ALL,225,18.3,2023-10-04T09:15:11.880,"Age-adjusted incidence rate of Non-Hodgkin's Lymphoma per 100,000 population over a five year period",Incidence of Non-Hodgkin's Lymphoma,Cancer,Any Race Ethnicity,Male
oral_male.xlsx,COCHISE,CR,91,2015-2019,4003,ALL,m,ALL,ALL,484,16.59,2023-10-04T09:15:11.880,"Age-adjusted incidence rate of Oral/Pharynx Cancer per 100,000 population over a five year period",Incidence of Oral Cancer,Cancer,Any Race Ethnicity,Male
oral_male.xlsx,COCONINO,CR,91,2015-2019,4005,ALL,m,ALL,ALL,484,14.69,2023-10-04T09:15:11.880,"Age-adjusted incidence rate of Oral/Pharynx Cancer per 100,000 population over a five year period",Incidence of Oral Cancer,Cancer,Any Race Ethnicity,Male
oral_male.xlsx,GILA,CR,91,2015-2019,4007,ALL,m,ALL,ALL,484,12.25,2023-10-04T09:15:11.880,"Age-adjusted incidence rate of Oral/Pharynx Cancer per 100,000 population over a five year period",Incidence of Oral Cancer,Cancer,Any Race Ethnicity,Male
oral_male.xlsx,MARICOPA,CR,91,2015-2019,4013,ALL,m,ALL,ALL,484,13.1,2023-10-04T09:15:11.880,"Age-adjusted incidence rate of Oral/Pharynx Cancer per 100,000 population over a five year period",Incidence of Oral Cancer,Cancer,Any Race Ethnicity,Male
oral_male.xlsx,MOHAVE,CR,91,2015-2019,4015,ALL,m,ALL,ALL,484,20.91,2023-10-04T09:15:11.880,"Age-adjusted incidence rate of Oral/Pharynx Cancer per 100,000 population over a five year period",Incidence of Oral Cancer,Cancer,Any Race Ethnicity,Male
oral_male.xlsx,NAVAJO,CR,91,2015-2019,4017,ALL,m,ALL,ALL,484,15.78,2023-10-04T09:15:11.880,"Age-adjusted incidence rate of Oral/Pharynx Cancer per 100,000 population over a five year period",Incidence of Oral Cancer,Cancer,Any Race Ethnicity,Male
oral_male.xlsx,PIMA,CR,91,2015-2019,4019,ALL,m,ALL,ALL,484,15.08,2023-10-04T09:15:11.880,"Age-adjusted incidence rate of Oral/Pharynx Cancer per 100,000 population over a five year period",Incidence of Oral Cancer,Cancer,Any Race Ethnicity,Male
oral_male.xlsx,PINAL,CR,91,2015-2019,4021,ALL,m,ALL,ALL,484,13.24,2023-10-04T09:15:11.880,"Age-adjusted incidence rate of Oral/Pharynx Cancer per 100,000 population over a five year period",Incidence of Oral Cancer,Cancer,Any Race Ethnicity,Male
oral_male.xlsx,YAVAPAI,CR,91,2015-2019,4025,ALL,m,ALL,ALL,484,19,2023-10-04T09:15:11.880,"Age-adjusted incidence rate of Oral/Pharynx Cancer per 100,000 population over a five year period",Incidence of Oral Cancer,Cancer,Any Race Ethnicity,Male
oral_male.xlsx,YUMA,CR,91,2015-2019,4027,ALL,m,ALL,ALL,484,14.15,2023-10-04T09:15:11.880,"Age-adjusted incidence rate of Oral/Pharynx Cancer per 100,000 population over a five year period",Incidence of Oral Cancer,Cancer,Any Race Ethnicity,Male
oral_male.xlsx,ARIZONA,CR,91,2015-2019,ALL,ALL,m,ALL,ALL,484,14.03,2023-10-04T09:15:11.880,"Age-adjusted incidence rate of Oral/Pharynx Cancer per 100,000 population over a five year period",Incidence of Oral Cancer,Cancer,Any Race Ethnicity,Male
pancreatic_male.xlsx,APACHE,CR,93,2015-2019,4001,ALL,m,ALL,ALL,492,11.72,2023-10-04T09:15:11.880,"Age-adjusted incidence rate of Pancreas Cancer per 100,000 population over a five year period",Incidence of Pancreatic Cancer,Cancer,Any Race Ethnicity,Male
pancreatic_male.xlsx,COCHISE,CR,93,2015-2019,4003,ALL,m,ALL,ALL,492,13.6,2023-10-04T09:15:11.880,"Age-adjusted incidence rate of Pancreas Cancer per 100,000 population over a five year period",Incidence of Pancreatic Cancer,Cancer,Any Race Ethnicity,Male
pancreatic_male.xlsx,COCONINO,CR,93,2015-2019,4005,ALL,m,ALL,ALL,492,14.22,2023-10-04T09:15:11.880,"Age-adjusted incidence rate of Pancreas Cancer per 100,000 population over a five year period",Incidence of Pancreatic Cancer,Cancer,Any Race Ethnicity,Male
pancreatic_male.xlsx,GILA,CR,93,2015-2019,4007,ALL,m,ALL,ALL,492,10.31,2023-10-04T09:15:11.880,"Age-adjusted incidence rate of Pancreas Cancer per 100,000 population over a five year period",Incidence of Pancreatic Cancer,Cancer,Any Race Ethnicity,Male
pancreatic_male.xlsx,MARICOPA,CR,93,2015-2019,4013,ALL,m,ALL,ALL,492,14.67,2023-10-04T09:15:11.880,"Age-adjusted incidence rate of Pancreas Cancer per 100,000 population over a five year period",Incidence of Pancreatic Cancer,Cancer,Any Race Ethnicity,Male
pancreatic_male.xlsx,MOHAVE,CR,93,2015-2019,4015,ALL,m,ALL,ALL,492,13.03,2023-10-04T09:15:11.880,"Age-adjusted incidence rate of Pancreas Cancer per 100,000 population over a five year period",Incidence of Pancreatic Cancer,Cancer,Any Race Ethnicity,Male
pancreatic_male.xlsx,NAVAJO,CR,93,2015-2019,4017,ALL,m,ALL,ALL,492,9.4,2023-10-04T09:15:11.880,"Age-adjusted incidence rate of Pancreas Cancer per 100,000 population over a five year period",Incidence of Pancreatic Cancer,Cancer,Any Race Ethnicity,Male
pancreatic_male.xlsx,PIMA,CR,93,2015-2019,4019,ALL,m,ALL,ALL,492,13.55,2023-10-04T09:15:11.880,"Age-adjusted incidence rate of Pancreas Cancer per 100,000 population over a five year period",Incidence of Pancreatic Cancer,Cancer,Any Race Ethnicity,Male
pancreatic_male.xlsx,PINAL,CR,93,2015-2019,4021,ALL,m,ALL,ALL,492,11.58,2023-10-04T09:15:11.880,"Age-adjusted incidence rate of Pancreas Cancer per 100,000 population over a five year period",Incidence of Pancreatic Cancer,Cancer,Any Race Ethnicity,Male
pancreatic_male.xlsx,SANTA CRUZ,CR,93,2015-2019,4023,ALL,m,ALL,ALL,492,19.68,2023-10-04T09:15:11.880,"Age-adjusted incidence rate of Pancreas Cancer per 100,000 population over a five year period",Incidence of Pancreatic Cancer,Cancer,Any Race Ethnicity,Male
pancreatic_male.xlsx,YAVAPAI,CR,93,2015-2019,4025,ALL,m,ALL,ALL,492,12.79,2023-10-04T09:15:11.880,"Age-adjusted incidence rate of Pancreas Cancer per 100,000 population over a five year period",Incidence of Pancreatic Cancer,Cancer,Any Race Ethnicity,Male
pancreatic_male.xlsx,YUMA,CR,93,2015-2019,4027,ALL,m,ALL,ALL,492,12.29,2023-10-04T09:15:11.880,"Age-adjusted incidence rate of Pancreas Cancer per 100,000 population over a five year period",Incidence of Pancreatic Cancer,Cancer,Any Race Ethnicity,Male
pancreatic_male.xlsx,ARIZONA,CR,93,2015-2019,ALL,ALL,m,ALL,ALL,492,13.77,2023-10-04T09:15:11.880,"Age-adjusted incidence rate of Pancreas Cancer per 100,000 population over a five year period",Incidence of Pancreatic Cancer,Cancer,Any Race Ethnicity,Male
thyroid_male.xlsx,MARICOPA,CR,25,2015-2019,4013,ALL,m,ALL,ALL,226,6.8,2023-10-04T09:15:11.880,"Age-adjusted incidence rate of Thyroid Cancer per 100,000 population over a five year period",Incidence of Thyroid Cancers,Cancer,Any Race Ethnicity,Male
thyroid_male.xlsx,MOHAVE,CR,25,2015-2019,4015,ALL,m,ALL,ALL,226,5,2023-10-04T09:15:11.880,"Age-adjusted incidence rate of Thyroid Cancer per 100,000 population over a five year period",Incidence of Thyroid Cancers,Cancer,Any Race Ethnicity,Male
thyroid_male.xlsx,NAVAJO,CR,25,2015-2019,4017,ALL,m,ALL,ALL,226,7.3,2023-10-04T09:15:11.880,"Age-adjusted incidence rate of Thyroid Cancer per 100,000 population over a five year period",Incidence of Thyroid Cancers,Cancer,Any Race Ethnicity,Male
thyroid_male.xlsx,PIMA,CR,25,2015-2019,4019,ALL,m,ALL,ALL,226,6.4,2023-10-04T09:15:11.880,"Age-adjusted incidence rate of Thyroid Cancer per 100,000 population over a five year period",Incidence of Thyroid Cancers,Cancer,Any Race Ethnicity,Male
thyroid_male.xlsx,PINAL,CR,25,2015-2019,4021,ALL,m,ALL,ALL,226,4.6,2023-10-04T09:15:11.880,"Age-adjusted incidence rate of Thyroid Cancer per 100,000 population over a five year period",Incidence of Thyroid Cancers,Cancer,Any Race Ethnicity,Male
thyroid_male.xlsx,YAVAPAI,CR,25,2015-2019,4025,ALL,m,ALL,ALL,226,6.8,2023-10-04T09:15:11.880,"Age-adjusted incidence rate of Thyroid Cancer per 100,000 population over a five year period",Incidence of Thyroid Cancers,Cancer,Any Race Ethnicity,Male
thyroid_male.xlsx,YUMA,CR,25,2015-2019,4027,ALL,m,ALL,ALL,226,6.1,2023-10-04T09:15:11.880,"Age-adjusted incidence rate of Thyroid Cancer per 100,000 population over a five year period",Incidence of Thyroid Cancers,Cancer,Any Race Ethnicity,Male
thyroid_male.xlsx,ARIZONA,CR,25,2015-2019,ALL,ALL,m,ALL,ALL,226,6.3,2023-10-04T09:15:11.880,"Age-adjusted incidence rate of Thyroid Cancer per 100,000 population over a five year period",Incidence of Thyroid Cancers,Cancer,Any Race Ethnicity,Male
bladder_female.xlsx,COCHISE,CR,18,2015-2019,4003,ALL,f,ALL,ALL,221,8.1,2023-10-04T09:15:11.880,"Age-adjusted incidence rate of Bladder Cancer (including in situ) per 100,000 population over a five year period",Incidence of Bladder Cancer,Cancer,Any Race Ethnicity,Female
bladder_female.xlsx,COCONINO,CR,18,2015-2019,4005,ALL,f,ALL,ALL,221,6.2,2023-10-04T09:15:11.880,"Age-adjusted incidence rate of Bladder Cancer (including in situ) per 100,000 population over a five year period",Incidence of Bladder Cancer,Cancer,Any Race Ethnicity,Female
bladder_female.xlsx,MARICOPA,CR,18,2015-2019,4013,ALL,f,ALL,ALL,221,8,2023-10-04T09:15:11.880,"Age-adjusted incidence rate of Bladder Cancer (including in situ) per 100,000 population over a five year period",Incidence of Bladder Cancer,Cancer,Any Race Ethnicity,Female
bladder_female.xlsx,MOHAVE,CR,18,2015-2019,4015,ALL,f,ALL,ALL,221,7.8,2023-10-04T09:15:11.880,"Age-adjusted incidence rate of Bladder Cancer (including in situ) per 100,000 population over a five year period",Incidence of Bladder Cancer,Cancer,Any Race Ethnicity,Female
bladder_female.xlsx,PIMA,CR,18,2015-2019,4019,ALL,f,ALL,ALL,221,7.3,2023-10-04T09:15:11.880,"Age-adjusted incidence rate of Bladder Cancer (including in situ) per 100,000 population over a five year period",Incidence of Bladder Cancer,Cancer,Any Race Ethnicity,Female
bladder_female.xlsx,PINAL,CR,18,2015-2019,4021,ALL,f,ALL,ALL,221,6.3,2023-10-04T09:15:11.880,"Age-adjusted incidence rate of Bladder Cancer (including in situ) per 100,000 population over a five year period",Incidence of Bladder Cancer,Cancer,Any Race Ethnicity,Female
bladder_female.xlsx,YAVAPAI,CR,18,2015-2019,4025,ALL,f,ALL,ALL,221,9.5,2023-10-04T09:15:11.880,"Age-adjusted incidence rate of Bladder Cancer (including in situ) per 100,000 population over a five year period",Incidence of Bladder Cancer,Cancer,Any Race Ethnicity,Female
bladder_female.xlsx,YUMA,CR,18,2015-2019,4027,ALL,f,ALL,ALL,221,5.6,2023-10-04T09:15:11.880,"Age-adjusted incidence rate of Bladder Cancer (including in situ) per 100,000 population over a five year period",Incidence of Bladder Cancer,Cancer,Any Race Ethnicity,Female
bladder_female.xlsx,ARIZONA,CR,18,2015-2019,ALL,ALL,f,ALL,ALL,221,7.5,2023-10-04T09:15:11.880,"Age-adjusted incidence rate of Bladder Cancer (including in situ) per 100,000 population over a five year period",Incidence of Bladder Cancer,Cancer,Any Race Ethnicity,Female
esophageal_female.xlsx,MARICOPA,CR,92,2015-2019,4013,ALL,f,ALL,ALL,488,1.39,2023-10-04T09:15:11.880,"Age-adjusted incidence rate of Esophageal Cancer per 100,000 population over a five year period",Incidence of Esophageal Cancer,Cancer,Any Race Ethnicity,Female
esophageal_female.xlsx,MOHAVE,CR,92,2015-2019,4015,ALL,f,ALL,ALL,488,2.09,2023-10-04T09:15:11.880,"Age-adjusted incidence rate of Esophageal Cancer per 100,000 population over a five year period",Incidence of Esophageal Cancer,Cancer,Any Race Ethnicity,Female
esophageal_female.xlsx,PIMA,CR,92,2015-2019,4019,ALL,f,ALL,ALL,488,1.54,2023-10-04T09:15:11.880,"Age-adjusted incidence rate of Esophageal Cancer per 100,000 population over a five year period",Incidence of Esophageal Cancer,Cancer,Any Race Ethnicity,Female
esophageal_female.xlsx,PINAL,CR,92,2015-2019,4021,ALL,f,ALL,ALL,488,1.57,2023-10-04T09:15:11.880,"Age-adjusted incidence rate of Esophageal Cancer per 100,000 population over a five year period",Incidence of Esophageal Cancer,Cancer,Any Race Ethnicity,Female
esophageal_female.xlsx,YAVAPAI,CR,92,2015-2019,4025,ALL,f,ALL,ALL,488,1.61,2023-10-04T09:15:11.880,"Age-adjusted incidence rate of Esophageal Cancer per 100,000 population over a five year period",Incidence of Esophageal Cancer,Cancer,Any Race Ethnicity,Female
esophageal_female.xlsx,ARIZONA,CR,92,2015-2019,ALL,ALL,f,ALL,ALL,488,1.48,2023-10-04T09:15:11.880,"Age-adjusted incidence rate of Esophageal Cancer per 100,000 population over a five year period",Incidence of Esophageal Cancer,Cancer,Any Race Ethnicity,Female
kidney_female.xlsx,APACHE,CR,73,2015-2019,4001,ALL,f,ALL,ALL,391,18.27,2023-10-04T09:15:11.880,"Age-adjusted incidence rate of Kidney and Renal Pelvis Cancer per 100,000 population over a five year period",Incidence of Kidney Cancer,Cancer,Any Race Ethnicity,Female
kidney_female.xlsx,COCHISE,CR,73,2015-2019,4003,ALL,f,ALL,ALL,391,13.09,2023-10-04T09:15:11.880,"Age-adjusted incidence rate of Kidney and Renal Pelvis Cancer per 100,000 population over a five year period",Incidence of Kidney Cancer,Cancer,Any Race Ethnicity,Female
kidney_female.xlsx,COCONINO,CR,73,2015-2019,4005,ALL,f,ALL,ALL,391,11.97,2023-10-04T09:15:11.880,"Age-adjusted incidence rate of Kidney and Renal Pelvis Cancer per 100,000 population over a five year period",Incidence of Kidney Cancer,Cancer,Any Race Ethnicity,Female
kidney_female.xlsx,GILA,CR,73,2015-2019,4007,ALL,f,ALL,ALL,391,11.92,2023-10-04T09:15:11.880,"Age-adjusted incidence rate of Kidney and Renal Pelvis Cancer per 100,000 population over a five year period",Incidence of Kidney Cancer,Cancer,Any Race Ethnicity,Female
kidney_female.xlsx,GRAHAM,CR,73,2015-2019,4009,ALL,f,ALL,ALL,391,21.15,2023-10-04T09:15:11.880,"Age-adjusted incidence rate of Kidney and Renal Pelvis Cancer per 100,000 population over a five year period",Incidence of Kidney Cancer,Cancer,Any Race Ethnicity,Female
kidney_female.xlsx,MARICOPA,CR,73,2015-2019,4013,ALL,f,ALL,ALL,391,10.15,2023-10-04T09:15:11.880,"Age-adjusted incidence rate of Kidney and Renal Pelvis Cancer per 100,000 population over a five year period",Incidence of Kidney Cancer,Cancer,Any Race Ethnicity,Female
kidney_female.xlsx,MOHAVE,CR,73,2015-2019,4015,ALL,f,ALL,ALL,391,13.03,2023-10-04T09:15:11.880,"Age-adjusted incidence rate of Kidney and Renal Pelvis Cancer per 100,000 population over a five year period",Incidence of Kidney Cancer,Cancer,Any Race Ethnicity,Female
kidney_female.xlsx,NAVAJO,CR,73,2015-2019,4017,ALL,f,ALL,ALL,391,12.24,2023-10-04T09:15:11.880,"Age-adjusted incidence rate of Kidney and Renal Pelvis Cancer per 100,000 population over a five year period",Incidence of Kidney Cancer,Cancer,Any Race Ethnicity,Female
kidney_female.xlsx,PIMA,CR,73,2015-2019,4019,ALL,f,ALL,ALL,391,12.39,2023-10-04T09:15:11.880,"Age-adjusted incidence rate of Kidney and Renal Pelvis Cancer per 100,000 population over a five year period",Incidence of Kidney Cancer,Cancer,Any Race Ethnicity,Female
kidney_female.xlsx,PINAL,CR,73,2015-2019,4021,ALL,f,ALL,ALL,391,11.24,2023-10-04T09:15:11.880,"Age-adjusted incidence rate of Kidney and Renal Pelvis Cancer per 100,000 population over a five year period",Incidence of Kidney Cancer,Cancer,Any Race Ethnicity,Female
kidney_female.xlsx,SANTA CRUZ,CR,73,2015-2019,4023,ALL,f,ALL,ALL,391,15.07,2023-10-04T09:15:11.880,"Age-adjusted incidence rate of Kidney and Renal Pelvis Cancer per 100,000 population over a five year period",Incidence of Kidney Cancer,Cancer,Any Race Ethnicity,Female
kidney_female.xlsx,YAVAPAI,CR,73,2015-2019,4025,ALL,f,ALL,ALL,391,9.34,2023-10-04T09:15:11.880,"Age-adjusted incidence rate of Kidney and Renal Pelvis Cancer per 100,000 population over a five year period",Incidence of Kidney Cancer,Cancer,Any Race Ethnicity,Female
kidney_female.xlsx,YUMA,CR,73,2015-2019,4027,ALL,f,ALL,ALL,391,16.61,2023-10-04T09:15:11.880,"Age-adjusted incidence rate of Kidney and Renal Pelvis Cancer per 100,000 population over a five year period",Incidence of Kidney Cancer,Cancer,Any Race Ethnicity,Female
kidney_female.xlsx,ARIZONA,CR,73,2015-2019,ALL,ALL,f,ALL,ALL,391,11.07,2023-10-04T09:15:11.880,"Age-adjusted incidence rate of Kidney and Renal Pelvis Cancer per 100,000 population over a five year period",Incidence of Kidney Cancer,Cancer,Any Race Ethnicity,Female
larynx_female.xlsx,MARICOPA,CR,94,2015-2019,4013,ALL,f,ALL,ALL,496,0.51,2023-10-04T09:15:11.880,"Age-adjusted incidence rate of Larynx Cancer per 100,000 population over a five year period",Incidence of Larynx Cancer,Cancer,Any Race Ethnicity,Female
larynx_female.xlsx,PIMA,CR,94,2015-2019,4019,ALL,f,ALL,ALL,496,0.76,2023-10-04T09:15:11.880,"Age-adjusted incidence rate of Larynx Cancer per 100,000 population over a five year period",Incidence of Larynx Cancer,Cancer,Any Race Ethnicity,Female
larynx_female.xlsx,ARIZONA,CR,94,2015-2019,ALL,ALL,f,ALL,ALL,496,0.69,2023-10-04T09:15:11.880,"Age-adjusted incidence rate of Larynx Cancer per 100,000 population over a five year period",Incidence of Larynx Cancer,Cancer,Any Race Ethnicity,Female
leukemia_female.xlsx,COCHISE,CR,20,2015-2019,4003,ALL,f,ALL,ALL,223,7.1,2023-10-04T09:15:11.880,"Age-adjusted incidence rate of Leukemia per 100,000 population over a five year period",Incidence of Leukemia,Cancer,Any Race Ethnicity,Female
leukemia_female.xlsx,COCONINO,CR,20,2015-2019,4005,ALL,f,ALL,ALL,223,7.4,2023-10-04T09:15:11.880,"Age-adjusted incidence rate of Leukemia per 100,000 population over a five year period",Incidence of Leukemia,Cancer,Any Race Ethnicity,Female
leukemia_female.xlsx,MARICOPA,CR,20,2015-2019,4013,ALL,f,ALL,ALL,223,8.7,2023-10-04T09:15:11.880,"Age-adjusted incidence rate of Leukemia per 100,000 population over a five year period",Incidence of Leukemia,Cancer,Any Race Ethnicity,Female
leukemia_female.xlsx,MOHAVE,CR,20,2015-2019,4015,ALL,f,ALL,ALL,223,11.1,2023-10-04T09:15:11.880,"Age-adjusted incidence rate of Leukemia per 100,000 population over a five year period",Incidence of Leukemia,Cancer,Any Race Ethnicity,Female
leukemia_female.xlsx,NAVAJO,CR,20,2015-2019,4017,ALL,f,ALL,ALL,223,10.4,2023-10-04T09:15:11.880,"Age-adjusted incidence rate of Leukemia per 100,000 population over a five year period",Incidence of Leukemia,Cancer,Any Race Ethnicity,Female
leukemia_female.xlsx,PIMA,CR,20,2015-2019,4019,ALL,f,ALL,ALL,223,8.3,2023-10-04T09:15:11.880,"Age-adjusted incidence rate of Leukemia per 100,000 population over a five year period",Incidence of Leukemia,Cancer,Any Race Ethnicity,Female
leukemia_female.xlsx,PINAL,CR,20,2015-2019,4021,ALL,f,ALL,ALL,223,8,2023-10-04T09:15:11.880,"Age-adjusted incidence rate of Leukemia per 100,000 population over a five year period",Incidence of Leukemia,Cancer,Any Race Ethnicity,Female
leukemia_female.xlsx,YAVAPAI,CR,20,2015-2019,4025,ALL,f,ALL,ALL,223,7.7,2023-10-04T09:15:11.880,"Age-adjusted incidence rate of Leukemia per 100,000 population over a five year period",Incidence of Leukemia,Cancer,Any Race Ethnicity,Female
leukemia_female.xlsx,YUMA,CR,20,2015-2019,4027,ALL,f,ALL,ALL,223,10.6,2023-10-04T09:15:11.880,"Age-adjusted incidence rate of Leukemia per 100,000 population over a five year period",Incidence of Leukemia,Cancer,Any Race Ethnicity,Female
leukemia_female.xlsx,ARIZONA,CR,20,2015-2019,ALL,ALL,f,ALL,ALL,223,8.7,2023-10-04T09:15:11.880,"Age-adjusted incidence rate of Leukemia per 100,000 population over a five year period",Incidence of Leukemia,Cancer,Any Race Ethnicity,Female
liver_female.xlsx,COCONINO,CR,74,2015-2019,4005,ALL,f,ALL,ALL,395,6.6,2023-10-04T09:15:11.880,"Age-adjusted incidence rate of Liver and Intrahepatic Bile Duct Cancer per 100,000 population over a five year period",Incidence of Liver Cancer,Cancer,Any Race Ethnicity,Female
liver_female.xlsx,MARICOPA,CR,74,2015-2019,4013,ALL,f,ALL,ALL,395,3.98,2023-10-04T09:15:11.880,"Age-adjusted incidence rate of Liver and Intrahepatic Bile Duct Cancer per 100,000 population over a five year period",Incidence of Liver Cancer,Cancer,Any Race Ethnicity,Female
liver_female.xlsx,MOHAVE,CR,74,2015-2019,4015,ALL,f,ALL,ALL,395,5.27,2023-10-04T09:15:11.880,"Age-adjusted incidence rate of Liver and Intrahepatic Bile Duct Cancer per 100,000 population over a five year period",Incidence of Liver Cancer,Cancer,Any Race Ethnicity,Female
liver_female.xlsx,NAVAJO,CR,74,2015-2019,4017,ALL,f,ALL,ALL,395,7.38,2023-10-04T09:15:11.880,"Age-adjusted incidence rate of Liver and Intrahepatic Bile Duct Cancer per 100,000 population over a five year period",Incidence of Liver Cancer,Cancer,Any Race Ethnicity,Female
liver_female.xlsx,PIMA,CR,74,2015-2019,4019,ALL,f,ALL,ALL,395,4.92,2023-10-04T09:15:11.880,"Age-adjusted incidence rate of Liver and Intrahepatic Bile Duct Cancer per 100,000 population over a five year period",Incidence of Liver Cancer,Cancer,Any Race Ethnicity,Female
liver_female.xlsx,PINAL,CR,74,2015-2019,4021,ALL,f,ALL,ALL,395,5.03,2023-10-04T09:15:11.880,"Age-adjusted incidence rate of Liver and Intrahepatic Bile Duct Cancer per 100,000 population over a five year period",Incidence of Liver Cancer,Cancer,Any Race Ethnicity,Female
liver_female.xlsx,YAVAPAI,CR,74,2015-2019,4025,ALL,f,ALL,ALL,395,2.79,2023-10-04T09:15:11.880,"Age-adjusted incidence rate of Liver and Intrahepatic Bile Duct Cancer per 100,000 population over a five year period",Incidence of Liver Cancer,Cancer,Any Race Ethnicity,Female
liver_female.xlsx,YUMA,CR,74,2015-2019,4027,ALL,f,ALL,ALL,395,5.76,2023-10-04T09:15:11.880,"Age-adjusted incidence rate of Liver and Intrahepatic Bile Duct Cancer per 100,000 population over a five year period",Incidence of Liver Cancer,Cancer,Any Race Ethnicity,Female
liver_female.xlsx,ARIZONA,CR,74,2015-2019,ALL,ALL,f,ALL,ALL,395,4.31,2023-10-04T09:15:11.880,"Age-adjusted incidence rate of Liver and Intrahepatic Bile Duct Cancer per 100,000 population over a five year period",Incidence of Liver Cancer,Cancer,Any Race Ethnicity,Female
lung_bronchus_female.xlsx,APACHE,CR,23,2015-2019,4001,ALL,f,ALL,ALL,224,10.8,2023-10-04T09:15:11.880,"Age-adjusted incidence rate of Lung and Bronchus Cancer per 100,000 population over a five year period",Incidence of Lung and Bronchus Cancers,Cancer,Any Race Ethnicity,Female
lung_bronchus_female.xlsx,COCHISE,CR,23,2015-2019,4003,ALL,f,ALL,ALL,224,39.5,2023-10-04T09:15:11.880,"Age-adjusted incidence rate of Lung and Bronchus Cancer per 100,000 population over a five year period",Incidence of Lung and Bronchus Cancers,Cancer,Any Race Ethnicity,Female
lung_bronchus_female.xlsx,COCONINO,CR,23,2015-2019,4005,ALL,f,ALL,ALL,224,25.3,2023-10-04T09:15:11.880,"Age-adjusted incidence rate of Lung and Bronchus Cancer per 100,000 population over a five year period",Incidence of Lung and Bronchus Cancers,Cancer,Any Race Ethnicity,Female
lung_bronchus_female.xlsx,GILA,CR,23,2015-2019,4007,ALL,f,ALL,ALL,224,41.8,2023-10-04T09:15:11.880,"Age-adjusted incidence rate of Lung and Bronchus Cancer per 100,000 population over a five year period",Incidence of Lung and Bronchus Cancers,Cancer,Any Race Ethnicity,Female
lung_bronchus_female.xlsx,GRAHAM,CR,23,2015-2019,4009,ALL,f,ALL,ALL,224,48.7,2023-10-04T09:15:11.880,"Age-adjusted incidence rate of Lung and Bronchus Cancer per 100,000 population over a five year period",Incidence of Lung and Bronchus Cancers,Cancer,Any Race Ethnicity,Female
lung_bronchus_female.xlsx,LA PAZ,CR,23,2015-2019,4012,ALL,f,ALL,ALL,224,42.1,2023-10-04T09:15:11.880,"Age-adjusted incidence rate of Lung and Bronchus Cancer per 100,000 population over a five year period",Incidence of Lung and Bronchus Cancers,Cancer,Any Race Ethnicity,Female
lung_bronchus_female.xlsx,MARICOPA,CR,23,2015-2019,4013,ALL,f,ALL,ALL,224,41.5,2023-10-04T09:15:11.880,"Age-adjusted incidence rate of Lung and Bronchus Cancer per 100,000 population over a five year period",Incidence of Lung and Bronchus Cancers,Cancer,Any Race Ethnicity,Female
lung_bronchus_female.xlsx,MOHAVE,CR,23,2015-2019,4015,ALL,f,ALL,ALL,224,67.1,2023-10-04T09:15:11.880,"Age-adjusted incidence rate of Lung and Bronchus Cancer per 100,000 population over a five year period",Incidence of Lung and Bronchus Cancers,Cancer,Any Race Ethnicity,Female
lung_bronchus_female.xlsx,NAVAJO,CR,23,2015-2019,4017,ALL,f,ALL,ALL,224,28.2,2023-10-04T09:15:11.880,"Age-adjusted incidence rate of Lung and Bronchus Cancer per 100,000 population over a five year period",Incidence of Lung and Bronchus Cancers,Cancer,Any Race Ethnicity,Female
lung_bronchus_female.xlsx,PIMA,CR,23,2015-2019,4019,ALL,f,ALL,ALL,224,38.3,2023-10-04T09:15:11.880,"Age-adjusted incidence rate of Lung and Bronchus Cancer per 100,000 population over a five year period",Incidence of Lung and Bronchus Cancers,Cancer,Any Race Ethnicity,Female
lung_bronchus_female.xlsx,PINAL,CR,23,2015-2019,4021,ALL,f,ALL,ALL,224,37.4,2023-10-04T09:15:11.880,"Age-adjusted incidence rate of Lung and Bronchus Cancer per 100,000 population over a five year period",Incidence of Lung and Bronchus Cancers,Cancer,Any Race Ethnicity,Female
lung_bronchus_female.xlsx,SANTA CRUZ,CR,23,2015-2019,4023,ALL,f,ALL,ALL,224,20.2,2023-10-04T09:15:11.880,"Age-adjusted incidence rate of Lung and Bronchus Cancer per 100,000 population over a five year period",Incidence of Lung and Bronchus Cancers,Cancer,Any Race Ethnicity,Female
lung_bronchus_female.xlsx,YAVAPAI,CR,23,2015-2019,4025,ALL,f,ALL,ALL,224,41.6,2023-10-04T09:15:11.880,"Age-adjusted incidence rate of Lung and Bronchus Cancer per 100,000 population over a five year period",Incidence of Lung and Bronchus Cancers,Cancer,Any Race Ethnicity,Female
lung_bronchus_female.xlsx,YUMA,CR,23,2015-2019,4027,ALL,f,ALL,ALL,224,33.9,2023-10-04T09:15:11.880,"Age-adjusted incidence rate of Lung and Bronchus Cancer per 100,000 population over a five year period",Incidence of Lung and Bronchus Cancers,Cancer,Any Race Ethnicity,Female
lung_bronchus_female.xlsx,ARIZONA,CR,23,2015-2019,ALL,ALL,f,ALL,ALL,224,40.6,2023-10-04T09:15:11.880,"Age-adjusted incidence rate of Lung and Bronchus Cancer per 100,000 population over a five year period",Incidence of Lung and Bronchus Cancers,Cancer,Any Race Ethnicity,Female
melanoma_female.xlsx,COCHISE,CR,72,2015-2019,4003,ALL,f,ALL,ALL,387,16.7,2023-10-04T09:15:11.880,"Age-adjusted incidence rate of Melanoma of the Skin per 100,000 population over a five year period",Incidence of Melanoma,Cancer,Any Race Ethnicity,Female
melanoma_female.xlsx,COCONINO,CR,72,2015-2019,4005,ALL,f,ALL,ALL,387,19.71,2023-10-04T09:15:11.880,"Age-adjusted incidence rate of Melanoma of the Skin per 100,000 population over a five year period",Incidence of Melanoma,Cancer,Any Race Ethnicity,Female
melanoma_female.xlsx,GILA,CR,72,2015-2019,4007,ALL,f,ALL,ALL,387,10.68,2023-10-04T09:15:11.880,"Age-adjusted incidence rate of Melanoma of the Skin per 100,000 population over a five year period",Incidence of Melanoma,Cancer,Any Race Ethnicity,Female
melanoma_female.xlsx,MARICOPA,CR,72,2015-2019,4013,ALL,f,ALL,ALL,387,20.9,2023-10-04T09:15:11.880,"Age-adjusted incidence rate of Melanoma of the Skin per 100,000 population over a five year period",Incidence of Melanoma,Cancer,Any Race Ethnicity,Female
melanoma_female.xlsx,MOHAVE,CR,72,2015-2019,4015,ALL,f,ALL,ALL,387,17.35,2023-10-04T09:15:11.880,"Age-adjusted incidence rate of Melanoma of the Skin per 100,000 population over a five year period",Incidence of Melanoma,Cancer,Any Race Ethnicity,Female
melanoma_female.xlsx,NAVAJO,CR,72,2015-2019,4017,ALL,f,ALL,ALL,387,9.73,2023-10-04T09:15:11.880,"Age-adjusted incidence rate of Melanoma of the Skin per 100,000 population over a five year period",Incidence of Melanoma,Cancer,Any Race Ethnicity,Female
melanoma_female.xlsx,PIMA,CR,72,2015-2019,4019,ALL,f,ALL,ALL,387,22.13,2023-10-04T09:15:11.880,"Age-adjusted incidence rate of Melanoma of the Skin per 100,000 population over a five year period",Incidence of Melanoma,Cancer,Any Race Ethnicity,Female
melanoma_female.xlsx,PINAL,CR,72,2015-2019,4021,ALL,f,ALL,ALL,387,17.12,2023-10-04T09:15:11.880,"Age-adjusted incidence rate of Melanoma of the Skin per 100,000 population over a five year period",Incidence of Melanoma,Cancer,Any Race Ethnicity,Female
melanoma_female.xlsx,YAVAPAI,CR,72,2015-2019,4025,ALL,f,ALL,ALL,387,26.08,2023-10-04T09:15:11.880,"Age-adjusted incidence rate of Melanoma of the Skin per 100,000 population over a five year period",Incidence of Melanoma,Cancer,Any Race Ethnicity,Female
melanoma_female.xlsx,YUMA,CR,72,2015-2019,4027,ALL,f,ALL,ALL,387,5.47,2023-10-04T09:15:11.880,"Age-adjusted incidence rate of Melanoma of the Skin per 100,000 population over a five year period",Incidence of Melanoma,Cancer,Any Race Ethnicity,Female
melanoma_female.xlsx,ARIZONA,CR,72,2015-2019,ALL,ALL,f,ALL,ALL,387,19.92,2023-10-04T09:15:11.880,"Age-adjusted incidence rate of Melanoma of the Skin per 100,000 population over a five year period",Incidence of Melanoma,Cancer,Any Race Ethnicity,Female
NervousSystem_female.xlsx,COCHISE,CR,47,2015-2019,4003,ALL,f,ALL,ALL,222,5.6,2023-10-04T09:15:11.880,"Age-adjusted incidence rate of Brain and Other Nervous System Cancer per 100,000 population over a five year period",Incidence of Brain and Other Nervous System Cancer,Cancer,Any Race Ethnicity,Female
NervousSystem_female.xlsx,MARICOPA,CR,47,2015-2019,4013,ALL,f,ALL,ALL,222,5,2023-10-04T09:15:11.880,"Age-adjusted incidence rate of Brain and Other Nervous System Cancer per 100,000 population over a five year period",Incidence of Brain and Other Nervous System Cancer,Cancer,Any Race Ethnicity,Female
NervousSystem_female.xlsx,MOHAVE,CR,47,2015-2019,4015,ALL,f,ALL,ALL,222,5.8,2023-10-04T09:15:11.880,"Age-adjusted incidence rate of Brain and Other Nervous System Cancer per 100,000 population over a five year period",Incidence of Brain and Other Nervous System Cancer,Cancer,Any Race Ethnicity,Female
NervousSystem_female.xlsx,PIMA,CR,47,2015-2019,4019,ALL,f,ALL,ALL,222,5.3,2023-10-04T09:15:11.880,"Age-adjusted incidence rate of Brain and Other Nervous System Cancer per 100,000 population over a five year period",Incidence of Brain and Other Nervous System Cancer,Cancer,Any Race Ethnicity,Female
NervousSystem_female.xlsx,PINAL,CR,47,2015-2019,4021,ALL,f,ALL,ALL,222,4.2,2023-10-04T09:15:11.880,"Age-adjusted incidence rate of Brain and Other Nervous System Cancer per 100,000 population over a five year period",Incidence of Brain and Other Nervous System Cancer,Cancer,Any Race Ethnicity,Female
NervousSystem_female.xlsx,YAVAPAI,CR,47,2015-2019,4025,ALL,f,ALL,ALL,222,5.2,2023-10-04T09:15:11.880,"Age-adjusted incidence rate of Brain and Other Nervous System Cancer per 100,000 population over a five year period",Incidence of Brain and Other Nervous System Cancer,Cancer,Any Race Ethnicity,Female
NervousSystem_female.xlsx,ARIZONA,CR,47,2015-2019,ALL,ALL,f,ALL,ALL,222,4.9,2023-10-04T09:15:11.880,"Age-adjusted incidence rate of Brain and Other Nervous System Cancer per 100,000 population over a five year period",Incidence of Brain and Other Nervous System Cancer,Cancer,Any Race Ethnicity,Female
non_hodgkin's_lymphoma_female.xlsx,APACHE,CR,24,2015-2019,4001,ALL,f,ALL,ALL,225,9.5,2023-10-04T09:15:11.880,"Age-adjusted incidence rate of Non-Hodgkin's Lymphoma per 100,000 population over a five year period",Incidence of Non-Hodgkin's Lymphoma,Cancer,Any Race Ethnicity,Female
non_hodgkin's_lymphoma_female.xlsx,COCHISE,CR,24,2015-2019,4003,ALL,f,ALL,ALL,225,6.7,2023-10-04T09:15:11.880,"Age-adjusted incidence rate of Non-Hodgkin's Lymphoma per 100,000 population over a five year period",Incidence of Non-Hodgkin's Lymphoma,Cancer,Any Race Ethnicity,Female
non_hodgkin's_lymphoma_female.xlsx,COCONINO,CR,24,2015-2019,4005,ALL,f,ALL,ALL,225,11.7,2023-10-04T09:15:11.880,"Age-adjusted incidence rate of Non-Hodgkin's Lymphoma per 100,000 population over a five year period",Incidence of Non-Hodgkin's Lymphoma,Cancer,Any Race Ethnicity,Female
non_hodgkin's_lymphoma_female.xlsx,GILA,CR,24,2015-2019,4007,ALL,f,ALL,ALL,225,12.3,2023-10-04T09:15:11.880,"Age-adjusted incidence rate of Non-Hodgkin's Lymphoma per 100,000 population over a five year period",Incidence of Non-Hodgkin's Lymphoma,Cancer,Any Race Ethnicity,Female
non_hodgkin's_lymphoma_female.xlsx,MARICOPA,CR,24,2015-2019,4013,ALL,f,ALL,ALL,225,12.7,2023-10-04T09:15:11.880,"Age-adjusted incidence rate of Non-Hodgkin's Lymphoma per 100,000 population over a five year period",Incidence of Non-Hodgkin's Lymphoma,Cancer,Any Race Ethnicity,Female
non_hodgkin's_lymphoma_female.xlsx,MOHAVE,CR,24,2015-2019,4015,ALL,f,ALL,ALL,225,11.2,2023-10-04T09:15:11.880,"Age-adjusted incidence rate of Non-Hodgkin's Lymphoma per 100,000 population over a five year period",Incidence of Non-Hodgkin's Lymphoma,Cancer,Any Race Ethnicity,Female
non_hodgkin's_lymphoma_female.xlsx,NAVAJO,CR,24,2015-2019,4017,ALL,f,ALL,ALL,225,15.5,2023-10-04T09:15:11.880,"Age-adjusted incidence rate of Non-Hodgkin's Lymphoma per 100,000 population over a five year period",Incidence of Non-Hodgkin's Lymphoma,Cancer,Any Race Ethnicity,Female
non_hodgkin's_lymphoma_female.xlsx,PIMA,CR,24,2015-2019,4019,ALL,f,ALL,ALL,225,10.7,2023-10-04T09:15:11.880,"Age-adjusted incidence rate of Non-Hodgkin's Lymphoma per 100,000 population over a five year period",Incidence of Non-Hodgkin's Lymphoma,Cancer,Any Race Ethnicity,Female
non_hodgkin's_lymphoma_female.xlsx,PINAL,CR,24,2015-2019,4021,ALL,f,ALL,ALL,225,10.6,2023-10-04T09:15:11.880,"Age-adjusted incidence rate of Non-Hodgkin's Lymphoma per 100,000 population over a five year period",Incidence of Non-Hodgkin's Lymphoma,Cancer,Any Race Ethnicity,Female
non_hodgkin's_lymphoma_female.xlsx,SANTA CRUZ,CR,24,2015-2019,4023,ALL,f,ALL,ALL,225,11.9,2023-10-04T09:15:11.880,"Age-adjusted incidence rate of Non-Hodgkin's Lymphoma per 100,000 population over a five year period",Incidence of Non-Hodgkin's Lymphoma,Cancer,Any Race Ethnicity,Female
non_hodgkin's_lymphoma_female.xlsx,YAVAPAI,CR,24,2015-2019,4025,ALL,f,ALL,ALL,225,11.4,2023-10-04T09:15:11.880,"Age-adjusted incidence rate of Non-Hodgkin's Lymphoma per 100,000 population over a five year period",Incidence of Non-Hodgkin's Lymphoma,Cancer,Any Race Ethnicity,Female
non_hodgkin's_lymphoma_female.xlsx,YUMA,CR,24,2015-2019,4027,ALL,f,ALL,ALL,225,17.2,2023-10-04T09:15:11.880,"Age-adjusted incidence rate of Non-Hodgkin's Lymphoma per 100,000 population over a five year period",Incidence of Non-Hodgkin's Lymphoma,Cancer,Any Race Ethnicity,Female
non_hodgkin's_lymphoma_female.xlsx,ARIZONA,CR,24,2015-2019,ALL,ALL,f,ALL,ALL,225,12,2023-10-04T09:15:11.880,"Age-adjusted incidence rate of Non-Hodgkin's Lymphoma per 100,000 population over a five year period",Incidence of Non-Hodgkin's Lymphoma,Cancer,Any Race Ethnicity,Female
oral_female.xlsx,COCHISE,CR,91,2015-2019,4003,ALL,f,ALL,ALL,484,6.13,2023-10-04T09:15:11.880,"Age-adjusted incidence rate of Oral/Pharynx Cancer per 100,000 population over a five year period",Incidence of Oral Cancer,Cancer,Any Race Ethnicity,Female
oral_female.xlsx,COCONINO,CR,91,2015-2019,4005,ALL,f,ALL,ALL,484,4.95,2023-10-04T09:15:11.880,"Age-adjusted incidence rate of Oral/Pharynx Cancer per 100,000 population over a five year period",Incidence of Oral Cancer,Cancer,Any Race Ethnicity,Female
oral_female.xlsx,MARICOPA,CR,91,2015-2019,4013,ALL,f,ALL,ALL,484,4.47,2023-10-04T09:15:11.880,"Age-adjusted incidence rate of Oral/Pharynx Cancer per 100,000 population over a five year period",Incidence of Oral Cancer,Cancer,Any Race Ethnicity,Female
oral_female.xlsx,MOHAVE,CR,91,2015-2019,4015,ALL,f,ALL,ALL,484,6.29,2023-10-04T09:15:11.880,"Age-adjusted incidence rate of Oral/Pharynx Cancer per 100,000 population over a five year period",Incidence of Oral Cancer,Cancer,Any Race Ethnicity,Female
oral_female.xlsx,PIMA,CR,91,2015-2019,4019,ALL,f,ALL,ALL,484,5.13,2023-10-04T09:15:11.880,"Age-adjusted incidence rate of Oral/Pharynx Cancer per 100,000 population over a five year period",Incidence of Oral Cancer,Cancer,Any Race Ethnicity,Female
oral_female.xlsx,PINAL,CR,91,2015-2019,4021,ALL,f,ALL,ALL,484,4.07,2023-10-04T09:15:11.880,"Age-adjusted incidence rate of Oral/Pharynx Cancer per 100,000 population over a five year period",Incidence of Oral Cancer,Cancer,Any Race Ethnicity,Female
oral_female.xlsx,YAVAPAI,CR,91,2015-2019,4025,ALL,f,ALL,ALL,484,5.91,2023-10-04T09:15:11.880,"Age-adjusted incidence rate of Oral/Pharynx Cancer per 100,000 population over a five year period",Incidence of Oral Cancer,Cancer,Any Race Ethnicity,Female
oral_female.xlsx,YUMA,CR,91,2015-2019,4027,ALL,f,ALL,ALL,484,4.37,2023-10-04T09:15:11.880,"Age-adjusted incidence rate of Oral/Pharynx Cancer per 100,000 population over a five year period",Incidence of Oral Cancer,Cancer,Any Race Ethnicity,Female
oral_female.xlsx,ARIZONA,CR,91,2015-2019,ALL,ALL,f,ALL,ALL,484,4.65,2023-10-04T09:15:11.880,"Age-adjusted incidence rate of Oral/Pharynx Cancer per 100,000 population over a five year period",Incidence of Oral Cancer,Cancer,Any Race Ethnicity,Female
pancreatic_female.xlsx,APACHE,CR,93,2015-2019,4001,ALL,f,ALL,ALL,492,8.15,2023-10-04T09:15:11.880,"Age-adjusted incidence rate of Pancreas Cancer per 100,000 population over a five year period",Incidence of Pancreatic Cancer,Cancer,Any Race Ethnicity,Female
pancreatic_female.xlsx,COCHISE,CR,93,2015-2019,4003,ALL,f,ALL,ALL,492,11.72,2023-10-04T09:15:11.880,"Age-adjusted incidence rate of Pancreas Cancer per 100,000 population over a five year period",Incidence of Pancreatic Cancer,Cancer,Any Race Ethnicity,Female
pancreatic_female.xlsx,COCONINO,CR,93,2015-2019,4005,ALL,f,ALL,ALL,492,11.05,2023-10-04T09:15:11.880,"Age-adjusted incidence rate of Pancreas Cancer per 100,000 population over a five year period",Incidence of Pancreatic Cancer,Cancer,Any Race Ethnicity,Female
pancreatic_female.xlsx,GILA,CR,93,2015-2019,4007,ALL,f,ALL,ALL,492,9.03,2023-10-04T09:15:11.880,"Age-adjusted incidence rate of Pancreas Cancer per 100,000 population over a five year period",Incidence of Pancreatic Cancer,Cancer,Any Race Ethnicity,Female
pancreatic_female.xlsx,MARICOPA,CR,93,2015-2019,4013,ALL,f,ALL,ALL,492,10.6,2023-10-04T09:15:11.880,"Age-adjusted incidence rate of Pancreas Cancer per 100,000 population over a five year period",Incidence of Pancreatic Cancer,Cancer,Any Race Ethnicity,Female
pancreatic_female.xlsx,MOHAVE,CR,93,2015-2019,4015,ALL,f,ALL,ALL,492,10.12,2023-10-04T09:15:11.880,"Age-adjusted incidence rate of Pancreas Cancer per 100,000 population over a five year period",Incidence of Pancreatic Cancer,Cancer,Any Race Ethnicity,Female
pancreatic_female.xlsx,NAVAJO,CR,93,2015-2019,4017,ALL,f,ALL,ALL,492,8.81,2023-10-04T09:15:11.880,"Age-adjusted incidence rate of Pancreas Cancer per 100,000 population over a five year period",Incidence of Pancreatic Cancer,Cancer,Any Race Ethnicity,Female
pancreatic_female.xlsx,PIMA,CR,93,2015-2019,4019,ALL,f,ALL,ALL,492,10.23,2023-10-04T09:15:11.880,"Age-adjusted incidence rate of Pancreas Cancer per 100,000 population over a five year period",Incidence of Pancreatic Cancer,Cancer,Any Race Ethnicity,Female
pancreatic_female.xlsx,PINAL,CR,93,2015-2019,4021,ALL,f,ALL,ALL,492,10.13,2023-10-04T09:15:11.880,"Age-adjusted incidence rate of Pancreas Cancer per 100,000 population over a five year period",Incidence of Pancreatic Cancer,Cancer,Any Race Ethnicity,Female
pancreatic_female.xlsx,YAVAPAI,CR,93,2015-2019,4025,ALL,f,ALL,ALL,492,9.83,2023-10-04T09:15:11.880,"Age-adjusted incidence rate of Pancreas Cancer per 100,000 population over a five year period",Incidence of Pancreatic Cancer,Cancer,Any Race Ethnicity,Female
pancreatic_female.xlsx,YUMA,CR,93,2015-2019,4027,ALL,f,ALL,ALL,492,9.02,2023-10-04T09:15:11.880,"Age-adjusted incidence rate of Pancreas Cancer per 100,000 population over a five year period",Incidence of Pancreatic Cancer,Cancer,Any Race Ethnicity,Female
pancreatic_female.xlsx,ARIZONA,CR,93,2015-2019,ALL,ALL,f,ALL,ALL,492,10.26,2023-10-04T09:15:11.880,"Age-adjusted incidence rate of Pancreas Cancer per 100,000 population over a five year period",Incidence of Pancreatic Cancer,Cancer,Any Race Ethnicity,Female
thyroid_female.xlsx,APACHE,CR,25,2015-2019,4001,ALL,f,ALL,ALL,226,22.5,2023-10-04T09:15:11.880,"Age-adjusted incidence rate of Thyroid Cancer per 100,000 population over a five year period",Incidence of Thyroid Cancers,Cancer,Any Race Ethnicity,Female
thyroid_female.xlsx,COCHISE,CR,25,2015-2019,4003,ALL,f,ALL,ALL,226,16.4,2023-10-04T09:15:11.880,"Age-adjusted incidence rate of Thyroid Cancer per 100,000 population over a five year period",Incidence of Thyroid Cancers,Cancer,Any Race Ethnicity,Female
thyroid_female.xlsx,COCONINO,CR,25,2015-2019,4005,ALL,f,ALL,ALL,226,15.8,2023-10-04T09:15:11.880,"Age-adjusted incidence rate of Thyroid Cancer per 100,000 population over a five year period",Incidence of Thyroid Cancers,Cancer,Any Race Ethnicity,Female
thyroid_female.xlsx,GILA,CR,25,2015-2019,4007,ALL,f,ALL,ALL,226,25,2023-10-04T09:15:11.880,"Age-adjusted incidence rate of Thyroid Cancer per 100,000 population over a five year period",Incidence of Thyroid Cancers,Cancer,Any Race Ethnicity,Female
thyroid_female.xlsx,MARICOPA,CR,25,2015-2019,4013,ALL,f,ALL,ALL,226,19.7,2023-10-04T09:15:11.880,"Age-adjusted incidence rate of Thyroid Cancer per 100,000 population over a five year period",Incidence of Thyroid Cancers,Cancer,Any Race Ethnicity,Female
thyroid_female.xlsx,MOHAVE,CR,25,2015-2019,4015,ALL,f,ALL,ALL,226,15.3,2023-10-04T09:15:11.880,"Age-adjusted incidence rate of Thyroid Cancer per 100,000 population over a five year period",Incidence of Thyroid Cancers,Cancer,Any Race Ethnicity,Female
thyroid_female.xlsx,NAVAJO,CR,25,2015-2019,4017,ALL,f,ALL,ALL,226,15.7,2023-10-04T09:15:11.880,"Age-adjusted incidence rate of Thyroid Cancer per 100,000 population over a five year period",Incidence of Thyroid Cancers,Cancer,Any Race Ethnicity,Female
thyroid_female.xlsx,PIMA,CR,25,2015-2019,4019,ALL,f,ALL,ALL,226,16.3,2023-10-04T09:15:11.880,"Age-adjusted incidence rate of Thyroid Cancer per 100,000 population over a five year period",Incidence of Thyroid Cancers,Cancer,Any Race Ethnicity,Female
thyroid_female.xlsx,PINAL,CR,25,2015-2019,4021,ALL,f,ALL,ALL,226,21.5,2023-10-04T09:15:11.880,"Age-adjusted incidence rate of Thyroid Cancer per 100,000 population over a five year period",Incidence of Thyroid Cancers,Cancer,Any Race Ethnicity,Female
thyroid_female.xlsx,SANTA CRUZ,CR,25,2015-2019,4023,ALL,f,ALL,ALL,226,23.2,2023-10-04T09:15:11.880,"Age-adjusted incidence rate of Thyroid Cancer per 100,000 population over a five year period",Incidence of Thyroid Cancers,Cancer,Any Race Ethnicity,Female
thyroid_female.xlsx,YAVAPAI,CR,25,2015-2019,4025,ALL,f,ALL,ALL,226,20.3,2023-10-04T09:15:11.880,"Age-adjusted incidence rate of Thyroid Cancer per 100,000 population over a five year period",Incidence of Thyroid Cancers,Cancer,Any Race Ethnicity,Female
thyroid_female.xlsx,YUMA,CR,25,2015-2019,4027,ALL,f,ALL,ALL,226,22.4,2023-10-04T09:15:11.880,"Age-adjusted incidence rate of Thyroid Cancer per 100,000 population over a five year period",Incidence of Thyroid Cancers,Cancer,Any Race Ethnicity,Female
thyroid_female.xlsx,ARIZONA,CR,25,2015-2019,ALL,ALL,f,ALL,ALL,226,19,2023-10-04T09:15:11.880,"Age-adjusted incidence rate of Thyroid Cancer per 100,000 population over a five year period",Incidence of Thyroid Cancers,Cancer,Any Race Ethnicity,Female
breast_female.xlsx,APACHE,CR,19,2015-2019,4001,ALL,ALL,ALL,ALL,291,62.9,2023-10-04T09:15:11.880,"Age-adjusted incidence rate of Breast Cancer per 100,000 population over a five year period",Incidence of Breast Cancer (Females Only),Cancer,Any Race Ethnicity,
breast_female.xlsx,COCHISE,CR,19,2015-2019,4003,ALL,ALL,ALL,ALL,291,113.5,2023-10-04T09:15:11.880,"Age-adjusted incidence rate of Breast Cancer per 100,000 population over a five year period",Incidence of Breast Cancer (Females Only),Cancer,Any Race Ethnicity,
breast_female.xlsx,COCONINO,CR,19,2015-2019,4005,ALL,ALL,ALL,ALL,291,104.4,2023-10-04T09:15:11.880,"Age-adjusted incidence rate of Breast Cancer per 100,000 population over a five year period",Incidence of Breast Cancer (Females Only),Cancer,Any Race Ethnicity,
breast_female.xlsx,GILA,CR,19,2015-2019,4007,ALL,ALL,ALL,ALL,291,99.6,2023-10-04T09:15:11.880,"Age-adjusted incidence rate of Breast Cancer per 100,000 population over a five year period",Incidence of Breast Cancer (Females Only),Cancer,Any Race Ethnicity,
breast_female.xlsx,GRAHAM,CR,19,2015-2019,4009,ALL,ALL,ALL,ALL,291,91,2023-10-04T09:15:11.880,"Age-adjusted incidence rate of Breast Cancer per 100,000 population over a five year period",Incidence of Breast Cancer (Females Only),Cancer,Any Race Ethnicity,
breast_female.xlsx,GREENLEE,CR,19,2015-2019,4011,ALL,ALL,ALL,ALL,291,120.1,2023-10-04T09:15:11.880,"Age-adjusted incidence rate of Breast Cancer per 100,000 population over a five year period",Incidence of Breast Cancer (Females Only),Cancer,Any Race Ethnicity,
breast_female.xlsx,LA PAZ,CR,19,2015-2019,4012,ALL,ALL,ALL,ALL,291,78.1,2023-10-04T09:15:11.880,"Age-adjusted incidence rate of Breast Cancer per 100,000 population over a five year period",Incidence of Breast Cancer (Females Only),Cancer,Any Race Ethnicity,
breast_female.xlsx,MARICOPA,CR,19,2015-2019,4013,ALL,ALL,ALL,ALL,291,120.1,2023-10-04T09:15:11.880,"Age-adjusted incidence rate of Breast Cancer per 100,000 population over a five year period",Incidence of Breast Cancer (Females Only),Cancer,Any Race Ethnicity,
breast_female.xlsx,MOHAVE,CR,19,2015-2019,4015,ALL,ALL,ALL,ALL,291,101.5,2023-10-04T09:15:11.880,"Age-adjusted incidence rate of Breast Cancer per 100,000 population over a five year period",Incidence of Breast Cancer (Females Only),Cancer,Any Race Ethnicity,
breast_female.xlsx,NAVAJO,CR,19,2015-2019,4017,ALL,ALL,ALL,ALL,291,90.6,2023-10-04T09:15:11.880,"Age-adjusted incidence rate of Breast Cancer per 100,000 population over a five year period",Incidence of Breast Cancer (Females Only),Cancer,Any Race Ethnicity,
breast_female.xlsx,PIMA,CR,19,2015-2019,4019,ALL,ALL,ALL,ALL,291,115.1,2023-10-04T09:15:11.880,"Age-adjusted incidence rate of Breast Cancer per 100,000 population over a five year period",Incidence of Breast Cancer (Females Only),Cancer,Any Race Ethnicity,
breast_female.xlsx,PINAL,CR,19,2015-2019,4021,ALL,ALL,ALL,ALL,291,95.4,2023-10-04T09:15:11.880,"Age-adjusted incidence rate of Breast Cancer per 100,000 population over a five year period",Incidence of Breast Cancer (Females Only),Cancer,Any Race Ethnicity,
breast_female.xlsx,SANTA CRUZ,CR,19,2015-2019,4023,ALL,ALL,ALL,ALL,291,90.5,2023-10-04T09:15:11.880,"Age-adjusted incidence rate of Breast Cancer per 100,000 population over a five year period",Incidence of Breast Cancer (Females Only),Cancer,Any Race Ethnicity,
breast_female.xlsx,YAVAPAI,CR,19,2015-2019,4025,ALL,ALL,ALL,ALL,291,127.2,2023-10-04T09:15:11.880,"Age-adjusted incidence rate of Breast Cancer per 100,000 population over a five year period",Incidence of Breast Cancer (Females Only),Cancer,Any Race Ethnicity,
breast_female.xlsx,YUMA,CR,19,2015-2019,4027,ALL,ALL,ALL,ALL,291,96.4,2023-10-04T09:15:11.880,"Age-adjusted incidence rate of Breast Cancer per 100,000 population over a five year period",Incidence of Breast Cancer (Females Only),Cancer,Any Race Ethnicity,
breast_female.xlsx,ARIZONA,CR,19,2015-2019,ALL,ALL,ALL,ALL,ALL,291,114.6,2023-10-04T09:15:11.880,"Age-adjusted incidence rate of Breast Cancer per 100,000 population over a five year period",Incidence of Breast Cancer (Females Only),Cancer,Any Race Ethnicity,
testicular_male.xlsx,COCONINO,CR,142,2015-2019,4005,ALL,ALL,ALL,ALL,754,6.06,2023-10-04T09:15:11.880,"Age-adjusted incidence rate of Testicular Cancer per 100,000 population over a five year period",Incidence of Testicular Cancer (Males only),Cancer,Any Race Ethnicity,
testicular_male.xlsx,MARICOPA,CR,142,2015-2019,4013,ALL,ALL,ALL,ALL,754,5.71,2023-10-04T09:15:11.880,"Age-adjusted incidence rate of Testicular Cancer per 100,000 population over a five year period",Incidence of Testicular Cancer (Males only),Cancer,Any Race Ethnicity,
testicular_male.xlsx,MOHAVE,CR,142,2015-2019,4015,ALL,ALL,ALL,ALL,754,5.15,2023-10-04T09:15:11.880,"Age-adjusted incidence rate of Testicular Cancer per 100,000 population over a five year period",Incidence of Testicular Cancer (Males only),Cancer,Any Race Ethnicity,
testicular_male.xlsx,PIMA,CR,142,2015-2019,4019,ALL,ALL,ALL,ALL,754,5.68,2023-10-04T09:15:11.880,"Age-adjusted incidence rate of Testicular Cancer per 100,000 population over a five year period",Incidence of Testicular Cancer (Males only),Cancer,Any Race Ethnicity,
testicular_male.xlsx,PINAL,CR,142,2015-2019,4021,ALL,ALL,ALL,ALL,754,4.2,2023-10-04T09:15:11.880,"Age-adjusted incidence rate of Testicular Cancer per 100,000 population over a five year period",Incidence of Testicular Cancer (Males only),Cancer,Any Race Ethnicity,
testicular_male.xlsx,YAVAPAI,CR,142,2015-2019,4025,ALL,ALL,ALL,ALL,754,7.98,2023-10-04T09:15:11.880,"Age-adjusted incidence rate of Testicular Cancer per 100,000 population over a five year period",Incidence of Testicular Cancer (Males only),Cancer,Any Race Ethnicity,
testicular_male.xlsx,YUMA,CR,142,2015-2019,4027,ALL,ALL,ALL,ALL,754,4.67,2023-10-04T09:15:11.880,"Age-adjusted incidence rate of Testicular Cancer per 100,000 population over a five year period",Incidence of Testicular Cancer (Males only),Cancer,Any Race Ethnicity,
testicular_male.xlsx,ARIZONA,CR,142,2015-2019,ALL,ALL,ALL,ALL,ALL,754,5.67,2023-10-04T09:15:11.880,"Age-adjusted incidence rate of Testicular Cancer per 100,000 population over a five year period",Incidence of Testicular Cancer (Males only),Cancer,Any Race Ethnicity,
